{"file_hashes":[{"block_hashes":["iSpwBav/ZVXLFAivta5zHLzx/rSTXH9uDS179Ec1mcI=","4CKdA3P8jf6Ul/2b60XcnH2j0B4RfTsCYMU/vdRmqXA="],"block_size":4096,"path":"build/background.js"},{"block_hashes":["+plCPVf2KyeRyvBMuAOv1Z8gtZoGLxwdHxRk1d9h1kY=","UaLTEndWpv2Enz8R4b7LKduVaigs5nvl1TfjCzpZSaI=","fwLqHKMiAHs7kAYG+MVbX/qXx0aPPgAOi++6IlLEeGs="],"block_size":4096,"path":"build/background.js.map"},{"block_hashes":["G8VQ9B2EiWdTnh4x3IKAVcpFJvqAD73rcs6TAnvBLz0=","yzmZGHAYSnrRrMl9rhSqbGHcAXNFGjgTUY890NVZpEI="],"block_size":4096,"path":"build/contentScript.js"},{"block_hashes":["ddBUS1ORQdyPQS6Tot4Bj96MzW97nHLMs3AP8nybMjI=","RIgLjRn3xhbAfdzv9SEgvvYlRFDErRi1MaOrEVY4lYc="],"block_size":4096,"path":"build/contentScript.js.map"},{"block_hashes":["stMO/iQ9ljIfWN6J94AyDJZ9sgST2KGvhjpT8fIn8Js=","xYFr3QgB4XFg3w2ID3Nd15QKQawePJ5Pa8SxMa9PKFw=","MXFUHrp6NNBfLmz2JwJzl2sjTn+WvBBRyNRE+Gl6RPk=","XULDhdM3g6HhC3mYdk3iUSZusJcLuCSiP3Au4Shus3s=","1xazxYNA8tnXOTPzqCXEAsxNWcf/wBX5eenqgy6Pen4=","Rvw4DASXRJ8kXh76gxEYC6PSx4hhFJslBR0Ij5sD13Q=","QQ+J7+SY/AaMyg/J6l/qoDcTMpW18MrNuCGumXz/YKQ=","tlLznle9nIGoJPozZI5qhpMm7Rp9Qo8j85lbNmcaYBo=","S2oqOfoK1Nkvn0fV1aUkkiBzjzQE7O+c+t0Zu9G7T7o=","wkW3vPWfxQRite/sZOpV6cw6U8R0Wr7EjAQ3pyo9l1k=","G7I/xWDzNuNwT2ctwyCPpdAOR7QeNe8P4Dqra1nB5Iw=","9ip1B6BKp/GGe+TNeio9mkDishd2SC896hpV7EzT6Wk=","sCV9j5oHsKg4idz2iP7jznZJMi3NPw75kqcUS3Xsgqo=","nPGEDh5GtXX8YRmVHCdlEHExOzVIh9zeM0+NYjcJw4Y=","4RVUVICE6PybBNFWjOugaNX1FS+L1RMhpSfcbbSP42U=","TOY/KxOkqWVb/67UEIIebQsKQ6ITJimgLkh3XrqgHJY=","OZWi1IGSDcC+IoA3+irImKR2z7QA+ExDMVw7u3VKbZ0=","A/E/p2X5cFyWMf5E7MRb7OCw/s0g5pcWjR0uWCuVVVc=","f+Dii3cfwPQvHebjQ8F8CkPYBN8i6Jf7E/K+WxBxu80=","YXAwItnu8AzACpb9h3ZY19yx3mR1Nph21ajwgsQsTuI=","adgvcMR9oyMoMNgAsSVPKhIrj3DI6UmC/oGgXS6Ugi0=","GONzuwrXXQTg2+P//lrkmxmVTDO3NoUGKd3Gl126ftQ=","t0VD3LxiF/st6oRlLwTiOlCLTR9WOryKI4uW0lUw9X4=","m0SJFrC3rZYENbpWvbpbBub44DLXyksEoCYkr4eJIP0=","b9V7Nlk3bK2PhgmdQHkfwDx2JYz5+1jBd3OHfjEGS3s=","m4gEa75HlDh+ti6Kyq+zraNVgKEZPlh22RDQ3pODdyg=","B4GltGd6m9fxOw1uhEl7CJ6iuFMPKijXOsI/2wE9+XQ=","iSeynQBriyYeqTr+CYp921gpn9gI22Q8GjMdaWgC90Y=","aEZ0G3A6kONd1wFm05Q6C3XkjzrkrAofjFEwplZnr50=","ZNyn+juubu5WAgJ3JQIeaP+qtR9RCHE+C4z6KHkqgp0=","4Ng2F6enwjLEAGPbBHcRq4MyEYS+Dqt0gDKyXl5saNU=","eXcHbh+nJ5CGMkZmUCxDHL9VDVE1WFOx/fvrTR65Jeg=","KsgvmC1zd/e7+oBOqVP69T6cDnAKE04awDiCte7x7VY=","QgnufZ37Qgx2ywPZbvZIcEka0AsUsdPp/8CrBBri1GU=","WCurfZUNWKQdz0LHW8m58y96trC64HNojLAyDj6JfP0=","FCgU3bRk/cimusfBG4ZlutT7zHpHOIeVamD0sk0V7gU=","GE0Wde6iP0miZwyNK+VFUubjHJIkJY1O0oTN8QGitfc=","HY6z5Jof9lqUEtKUxtEyUN3hqOdNWnq60YF4VO0MKHU=","FDluk8uGm1mlsxPBSOOv2EApjs5cG3Udy/BeRP9YvAU=","+DgJ4Ggum7gIg5FsbpgQ+4vv/dSvLjuBj+JSk5nQi74=","X6CldmSjyNVLQOMwfFGqumBLfLqZGy4DN/m4souDws4=","VrPj52edmCrQuaqufLNuJQpJIUI49pMEvlpVaJOzkSU=","Lk61Mp5Ub/Hp4BJYDYG4pY80PmlZe80HUDT/WYCMcs8=","Tka9kO2M+HotDX7byJAyupONMhg/7r+VANU3pSEZQc0=","CG0sJJnsvag1Y0HsI53ixaAUde1zHbye7F4JfBp4hjg=","N3DH5EQoH/JyNNPQVZSUvtQ7wqvGEKKmfiSNlaVPL40=","J7TT9zsv4bOn7lc1eWaiuPlM55IKPSAnpBL9t1YhYrQ=","El2bGbUltNPkFYLbatoSy5qEivLERS2+GJ63zN0v1MQ=","u069fJm46iEaVUVaw4lBfjVSTueNpHSlR1ewmhPZ0Js=","xs2YLy9Qkj/InYAimFbZLDj/hzVsaKt0+WP099rEjwc=","ndAaKwUtV0ZCwMO7wkK2qOoZWGj/bYJt4OXgqCBMpE4=","67DSA7+2uZDokjF2MQLp95WkazzwYxhqbi1gUhvPQWQ=","ufCVL4IBhZXXi+ROY1voGNu6Yrx7pN9RF0irEyK3MWA=","X2+f2ZRkf9MER9skmghzF3ccXB6O/opS1+WZxCm/VAE=","EnI7SRUjygxBMszQsnuzYjBSc5u65d6jvVTCiLTdB7o=","dPBRDf77a7QvjA++PlRd0w9HnHt0vyeNbWzIFyuVr4E=","KN0D0ohfhh1ewM3c0Au5vOynW10Yj1Srh/0miGdnBWg=","0784SeQJm37GuFZhNgArUuTu4hSzt4FDof0CEolqEc0=","upcCG4BjqjQDBh1d6iWkMz/yl+BIO+6f1LQ/B9T3fbQ=","4Gk3T+j8WGf6aqaFvy7NcKU+RTiqvGdsKMb39iXTu2s=","n/BO2Y1VUaquD+OFcQvRo596yI2ZbcmKmA8+ErDFigI=","B4NM9CrVypjTZx3HQwueRPci1thcJdHxRQJMefdgnhw=","886QInKN6u57ZvXYRIlqq8oSvZRePuRxWgUjSZWRNw8=","pEv8w6KKSfIM3fmfHbyijDbH6N/m8ZoboaXX54ScsGE=","N1YgvKkGV5jmzlSXVdTsAvF0DZS0vI3Q2N5goe5f/04=","/TWOtnIawldEo3QpRXJmqn8q5cbhORZAqipXE1D6KZs=","YyZjcKduYOpy1LdKXRC3c/3aTIdG5AVCUXkiwsQIS0c=","GjIUlPa8t+5YGUfs56PUn46E/j/GRdE0ph2dSiQzIcY=","3UlJvMpdi4jpzVTmYvEQP8wZJr/R/AUR2yTKi6T4opo=","3e7F7HmoOpboIOFt3Jo5SnhN8CEuCVk6DQKlvTNGXGI=","ormJAA2kA4KqBUKEmDX6C9mhr4GS67EXXjr6igSN+Kc=","dUbc081ddmbQ0gRnxz04iPmMwW5P32vDGWgupxqz5aA=","giO76ZZz4/q8+k++JHJDw+QdmchhFCsA7HAUMzNqF9s=","UuQK9pSZbxjJvGr91OXz5trOmBnj2yKCwW0RtaYnKqc=","G98CtiuaX3v1UKybnW7ntzbqunVmP6VSgLKi1lWjZww=","D7s43elVbAQBphtEhDArbjN+d3Z71Ow4WsWKTYnrLHw=","J/yw51bvUUQKFz68DLFpqw8FdfcG/Mm4tYozQLRCacg=","K4ck8zyoDHAXO2+5acJWyFvbrjYwC7gIIrIlmk8Mv3k=","Nw1wmBVm/kzZyWpxoWK5g3gouV5g62DJZ3lh6JB5iGU=","QMVlvIzfY72FDk4LtALykMhrWCrklzGtLBXCVZvyudM=","HESYYYEKLnPVdr6a2Tyd07pQuOO2nG52vnTPfGiZ9Ck=","UUWutt8yGIn0q3EhkbxKTprr8UzmEwdfcmTDFMdMeEE=","BTEd3vLBHUp5/MgkE6175HZZcqzai46GlGCsJE7V728="],"block_size":4096,"path":"build/injectGlobalHook.js"},{"block_hashes":["iNmHapbcCDYBZ3FbpsXmDDDiv86obabK2jxMKgpTrhg=","xFrfzzuirYgne5MvNw0+/SPIq6FvKFoDz9yCfbRWMXA=","Ht8I8g/LgOVr2DZGmErCe0Y/ELc/osEJxgPzEZxRga0=","b9uYbOPVi0wtynSdpmASO4edyUcXVCMBJKa7qdggfg8=","63Z58f6ImbDKvHw0m27ymayjgrKhFfj5j1Qna8ZQjrs=","0fVvyyTPSvi/bEXNTqXjz2VowSLd7SxC14LSsm78sfw=","3pERNT+EO+d3zgKQD1HwwM1STKoZLRJG2lAR+GuCb80=","QVjj/fFTfGKibioedkPGhlUp4545X5xboCE8Xt3pI6Y=","AQoggeE1iHMIp9XEuUUe9ghhTZPihfwRy46OnnvJqfo=","hVjRATkOsmOtH98dGUGp7QUp1i5LsZNjbZaxPduJd9A=","TtP7M8krjX0XXAEm0QKyxDNvR9ijopytarSq0+wlIjE=","jinTnsZZO4cLsFUnGwSBUXwQJxWbZRbdXq6gexH4ess=","YVWSkLBKz+Tnm6VBHuRD2h1VCky/ohP8fGHmiEXJef4=","0HPik9foqfRQ8bLsbj6k7OfNnf71G8LWIbJ/iefoGaQ=","JZKGvi71+cuWkFNvNFL0v/B+tgIXxvIfXeWAesixtM8=","NTl5Y9ZrtBmh/vJF7co3rQfMBLMk24sd9KU6zkMcoPM=","6552fgmFb0pSA00FI9k1Jcblzx2b96CReFLhTlC6T8w=","N6XlMi6/HHMdAmW8Y7WCzOqdoCnKDiA0BtefoqnhFx4=","L3p3C0zB0v7AZaSSFGpiwPmChnGYa6MXqghoaiqUO4s=","Nj6+IcLRgLGMjqDSBLCDdBlo2MI9IyJlFWxbU2Sb7Mo=","K/nfg9gKL7AccS3CrF5U8ZWRrzwGIRU2Loz4W9XBWVI=","d072vxDly12UCxEhN/LxFbMTRXZHBx9srfhkkLXqnaU=","XZ9Ul77B7+3LAC0xNHGK5rtDEjE3YVgi9J/WY3rvDeg=","XyhN+c7Y0JnC+iR6isHApYh191Wt1wf4nuL2VNLpAys=","RRMxxHgaLiLvWgUuJkaeoeM9r7mFo6zH5NjQ+Wc58Us=","nNs4yQ8yCJN96xmvy+eooalEgfbdMb99V9TC5q+Mwh0=","SxXuKkTFgiCAOHegErNkPea31BgrowXbIiH/vgrptAM=","xAEL+547MFgske1HlEaCR/fOwYwKNjXfZX8dv+E9d6s=","mC2/7Hy9VaKaFxD+sC0+H3l1v6O19xqE/mXV3+sQ38g=","ADgGXpLLDesDXTezlFjMP5I2/yEEYiElQvBHuM3q9Ag=","WLWky4RGQnpGAI7JRYgn9RWHBat0JYKX/jwPty0CXbU=","z1GytBk2I0Bfuoo6oORFrZbwiursjpz+lsMk2SdnXlY=","K4X9NwaCqFeu/PNAtav+2bBz6eVkdKt2yD8Qmq3QzoI=","f7/6709u1OjoXSM+/GysWRZi0UxmV5oMKKLY8kQfbSU=","//4tQ+jfdeMe88aoPRg9VaYQFEeDlKyjHNm32CZibgU=","Mzeoqfuhzo8c4zAjLyvEBRKJu2YOfX8GuPKMialDXCU=","p48+60JUhFsbUbn8zqoWCYTdDf5XfgpFtFuCMrALyIg=","g6C7cdCcQIlQ/5+h9YyzfpmtxCkU4XepqomdT048ncc=","kGg0DfDtzRJcD+1snO+RugOrA9jhcPYg3sWRorg+0sA=","fTwY2W/Dy4V9qb0G7Sh8aqHcskXbr37Up+1tA8eqLg0=","Je+LCXgWfEd4vacXbZMIvLF+1GSHECnQUGiI4tI6MFk=","oZx3cNZzCoZhJxt21bngxLk369q+ljlcKa6aAK2vLOU=","ynHD26Ht8NF0VSbl+mBUxXUUjhKReKQ950hrTzYOYiU=","WndRjyaC6L/hakKFxcEoiovZHH+EuZo/1PQlXPTfZac=","sGdkMbhc2E9j2FUtYJ/C55Hr1fXM1CN/CxAcJ7Mp7JM=","3gmk1o0J1BNsaS3LbbK/4lTYHv95UEP3Eiqnn8LK14A=","Z8H+GwyoUgFpxiXK0V1J7Eu49SZGTMTjYm2kO9PTPyo=","2a9cZdSv4Uc+sr0MXaIMT/4rVdcd4DygDJlNUOYjxjI=","wUfgkn4zINBRzhNyoJupF4+hFfc5hZkRbk3EE+zChSg=","r6KA0qL2vMzUM+lHaqcLzxF07n8ZzrsY6fGTkxHqYTU=","h7QQFLRu03OLLAPXJD3EqFx2vIgxsIinHVHcRQPp1bY=","jDbNXX8iL1gxgDCeBrVkgZrTQ5w9u7dwYFAChDkA2pc=","dknhkMO3Fks+lymtVhBfZjo9bYIgNzvXlEKuNg2fNbc=","DVIU8k+jg8igDM5WSftGwPW7gM8BeKhT1nM8WueJAeA=","S3D85Ck1AWVEynAUWlRoyYIXsY+hk7acqb/8ig0l+cc=","7RRYp5i53ok6KB9ZLDrVhup1GVRHNsgJSp9xu3q08dk=","KEqTmxw16qpkl+dPCN86mGvWIMA61x3lHKrmv+vIiss=","QbKKUWABkSXRYti8b2eTmhA6Q0uLWNo2NwT+EDOTFUA=","gKA+NQTuzzBeJO6dqphDF59VMUQqt+AwubK+IpDgqmg=","WtK91wDdHcgBHvPk9dAWt8QV64lQwcWwpp+M5Bls35Q=","wt4DcM+yT8daUjSSlAQIHZLkReWZy7xlQnoLkm7mQ0A=","LpJovDGzyaHTd21R3xCAH5nsIxAWfJL9a6WlYm0WMXc=","9OYV6SJaQWMQ+rpvP9osijt9nanF4OZk5JaroAVSY0A=","S0DXGiAxPOYBhYnMs4fS59HvWzS294UfWqh77jEqF6Y=","yCnHrEb8d5XbQlIHvzuzpwkEhMwGbAM2cS2ZtARciJg=","SWqo2Ol+VL+A/2YmQLkORKDDiD3pbIxIDMKEMrQ5p+8=","qlIaqqZZvBLsPGiNHk2OTNfIOTkSmxW245pqOLZvnos=","MSsmgir71Zf40WxmqDRRuXb1MQi5GBtR4kmYKIsCnrQ=","a2X48fAcF5/IyGJm4CUnT1+BlWal0mTaPfr08MkHAK8=","j0ZP4FFbTWMRudU/+o66/YNaMlItL2p+SLDKt5jQnCk=","13/Wqh1d8+q1wfeCobcH3yHNPfBhaTxpEanVxYlZ6Fo=","zMvy/zMOUOjIv4/D+ONjHo2fGh4frGVuw+PkISWCC/k=","Y7JnxbqKp6Yw8oA2NnfuxKgcMD0nAM4Qm33gwXufM5A=","1+U7HBu0DPqSEDea/wOCU6dDmsFUT7eZC3MWNi5StkU=","HanQJgVEVVAmOXJyxflBq6cNq+WuiHYJUpyWGtXYTTY=","NCaDfXNQcFy3Xzx+H4Q/h4/XVvlsU80aZasNJENx83Y=","a9Mu/4RjDiOfXF4AVpJUGTp+wLzKME8uw5B4eRB8nEE=","gkvcrMV4H7zUKqBM/r/N1uM8SNM67FDVMo6gbbEoRao=","hZvOeNtSCGQyX42El9Fl1IpDjW0h4Ptt1LrYcBYT8Zc=","ayHmwMxi0hDoQQYYhPOblhZ/ba+/dhJVHnOdG0KNxos=","8I0Gq4hJTFDsMnrwG8XL0o9ls3cAo4TlhRykHCMojbo=","4UNc9RLhERcrH7DdFE2Q7RwSTrEGrSkzTcYjuY32TAo=","w8+TtVxqZb4YOurG3GQFCCr3tpadk9L7BU9kNhlBksw=","1b1kw9w33pI9Q9UeqfVL/8yAY6HoYzTpAc8O3vYlMZs=","Fs3+GzUu4q0PGyM2rh5m76yEWUJHhoTHhnRdo921GQ8=","+1mYG3oJZEtMRP54ZYAJsFHIwu9wZK2xULToRT5lSIY=","WvVuPUjzij/aj9k7IubJpxju00AAlL04bo2on9UCRME=","Qy+kEHmjMSXwf8dvPR/WZKUgZZMKZEMMDbf8+/EmCgU=","JV+QOmLrHp6IRDjgpmvdjTHrUONgSs5s3ETMdNtQpxo=","m7ReCdJE4cvE4bkwoZT2Wy3ZgrMQsT5aEcLNrQffEpg=","Bgw71wYKBqYX6xBxBdT267xfUrLSWNZFw4sfm7ygwKs=","xWi32NAuDLWhIHfqOTk9zMq/pgfczZ1F0/fc2xv2OWM=","iRNZ8A8G3/psbq/8s1cUTgAS2JvfMA3AQzrwnbNcB5s=","vR2+ABig8QkEaLa/kO1qxZnqaUqgqLrn5VOGZZtuPnY=","s9JpvIAMtF7LlJyDDKzheGpd8kLCzasH6FyEa5qgawI=","d0LgIEIJxUxlUmrz8S0A+2+P/YMGmHpvAQ820AgMkR4=","K+FwfwPTjigGQKPhWDoKgK8ABxvc+kLT3WGJ/1XlRsM=","5hI1HVNrxwIvntidM5UU+hz0gXWeJejHmOwFFBV8WCw=","7/WgYuDS1fLNR5mZDak44gJJdXHGXcnPbUoxg+3sbgo=","FRUXA69w6CdRZlt74vWhrjbndDW+s3qC1bRt8R2jyoU=","9MdN9ruyB0ZEDWuN/pxVfM8hPeiMnKH2ai5Bxg669oA=","dyM2fxuOoZrofxQwZXBsn8WydMkuupg1xxEyCj5Omag=","36D8pOeX4MR78jPv9r0P3DrjbZcdztIR+E7caLoRKj4=","1T/uBVyz+37F4kvyIqMZ9liDd8tUXUBprthSZJqi7dA=","CT5u1hhwMvVhNvyjf4M6aCWwxEzhmjCQK+bmya+tmDo=","xTtIjKeVRwwrNTpsu6JLNxNHeQsfcEUkykCy78FgMDM=","2XoODpSY8AaLbkGJYD4c6zXIhNIAUW3xvfD0tOZ1OOY=","ZXDiHs7+lrW3KVdJi1iilVsWrutWg3NgqlsNVScTG9U=","SAVr7wq4kW27Jva6VYg2YhqNp3LtmTSS1gk+xl/07UM=","kI2LKySldKN/BNaHbtDnLEIIKr/mUFlUomfnJi4f1nE=","UcogCw3aNcM6nToI2M6fNVhsFbUbxKUisUOg2r2lVYU=","hJA+PUc0xu5EQaTI+ao+ookP9/BXLbPo+w2/mYivsA4=","YTtncj9ZJ9QiB19swjNXmUBkxnjfaB7B0KmENNHSR3s=","WW/bMiH4ldy6iKIdW+E6lOzsroWgeRIYpSbI7a0P3E0=","SbWRSdxh5QaFJffdFT9c3PUE0LbHq5TxdUakAPat35w=","hx/+2n+g8ZHcP0cFnHLbZLX2eK7awmj7iCVgb0CzTxw=","8c6r205EepkCqZ0X7jN+PhdwaBHPsSKdloEwMVchR+Q=","zIFLk4RCkfFid0P1FMQHDDz3h6FeI/w0lKPLsUr39dM=","EJF029sRIcSxaP7/14t/gKeM9XRUZ8XtzImL0uJCZYM=","nnrOf5pEHSQOMHr7VUwuwViXDFCzn0Q8/7vcsULYxjQ=","nOcpu2DaxaV643fdpEO513zjobkls4CQgZp3wim90BM=","xZqiFz9NVygp5WMlNjNBS1uUegNkI0FSQpS+C0a+qbY=","Rj20hbGq1W1/yjdBLMMjQ8U4XZJERiP3Iwxmmzmybkc=","Jq2d94rGh+gu5itaqTDjXCgLoewSKC961DT3+pmeRhM=","VXztYlGIZot++sx9llFnjvQs0/g4qU2/qubHD4Jc/vs=","JiAXiEPOpqWUDLUsZbyKyurg90urUbBCeAmgHYH52pw=","Qk38uNgI8ElKvpGwcFXpdDXV8jioMGF5++oLRIUBq9s=","cPfWgJdHUT934C5C5z58k1SemnxZJ7aQnzNwnvFiQzk=","mqwu9tCALXVUoJtXR+Xn0esf0lHCfjg/FIKEEN3X5JI=","Tj+LjOJyivO+JHk2K5/a33ZVXjw2/jYeU3LSzPBIq18=","hBKpgmFKY4IU2HVEQSJybJrHCJ9QXTdIxzW83YtNr/o=","IvwMQsumovICX0c1VDBsrgXUHk/jJiA3pDNcQQB3VZY=","HcFsGfW4YCyhAHS3JH3MVTAS7DWPrMhw58aIqGaRWrI=","hCmw3QEHdKxnOjQQdtZhtWkV5c1nhnn7vh0f2KrtmNM=","wVDv53Reks1mYfa/Kn09eJAtEfSBMzQJtZC7XbfD6u0=","Rab74KBryeqrf3v7sIZey6fIyGko5x1QpV6XJUh2WC0=","FmWldTuR4Nc4p1mWjVbMwe3O2tq/YHQCwmfXNvloXfk=","g4CrPwEwLZdubKZu7jeIa/mEp7w3CZUck7ShHyVAJE4=","Zk12TyDvX4k0PlHlPRmt7HGM6VxBNwR5fiXjIcDI4uU=","xPnC/NM94RCg4KA2TzbjrjIXU39FQ11hEStWhWMiYxs=","VVxxD+sZwY8/n3VFFHUVBsB2V9HiZ/V01gnU4GnBAec=","g9i6M0bIA3CFMdn07qXpYEPZ7VrgRr0UMRXdmGSkk7M=","YqikaJF6uO+cjj8+oOn4KMuTuqQkp8DBUU6lB7PqyeI=","lwVuRw9tu8DtKNKLCCrKdBKKdPW8zEaeXFnpHHiBPAA=","SA4hY+pgvk9YGwS9tNG6UBcfnMsWA79e1lIKNJk9beQ=","3ty+3olhMjZ7R/3PgD19iKm2oxetPRY3MGg9saYFMDk=","uU46xj4zBmHHWeYS431DynyKPeCRbXaQzgAAVMCEc2c=","+robx7F/gv5yk4+yW2PLt3h+rCBYLYk9nDfMScX06xE=","nOVyNnOdAa/5ktZaxO2eXZugrdCG8mMXPOh7rrd2yLU=","q8o/IjnvSIcj72+6YI7JGAVS4upmRQWhfzwB4cyZc14=","Ay+E4W7qJx4lq6OFL6BIhxnNr1mJs3yX/yjSfXx9IpA="],"block_size":4096,"path":"build/injectGlobalHook.js.map"},{"block_hashes":["vw4WR5MkGb2uD/y6s+lpLdyYPAlv5Th3I6BRlShlwsc=","95kO16tOScHyasE+vSeZmtmSMR3AxWLT3z5uAt15rxQ=","5kghmk2657ZJ/dG+7+wd9rNI2ikwsQaMAbCsUQXHtYQ=","Jk/xPDvqLAkP4QK+iThXhtxmElziyLsqVJa5FnsLx2A=","htQ7/6ZCdL26FPn3qrzlDnHs2CIm3Hr1lTW41nG1UJ0=","KLUo5CMnJKXkqJv+LMJiBJW4YxP6TTSuiA7KUOOrxTk=","xbaEM6cgz1ON13XVURKEzlyq1/kgBYTgAWvqLpR8D1M=","dsHpGy7kvcDY4D0Ty4CimTcv4nj2p03FNhhjdBXUgtE=","xqrIGLJHCI+G07Q41USESwj74GXTBJOQx3g3+eIhDZ0=","skWunuBO23NJFzUw9opyRarg7sg74OujEyjyJgkUSGo=","aINyWufIkY2gfm/gYlQbdS0mtK/UQmqt5DJ/D1tz+r0=","h8pAx6YOB9k8fwpnJYHmcXTSCX8DTwQ8bhP3jFSjtpM=","2XqIOO12J7gYtDV+6R5hAHcmdPm7sxbZ/qfzBgtHm7g=","m+Y9wPmwadIuRA4t/4hf270nbKYdvdawxVvjDbUWKt0=","ejmbBWV8VzbII31ZjrqfNsbA7Mr7HPdcefQIMbWQMus=","OLaeeWAXgvsrH7jwBo+lH62125aOqPmrA0QaOMKJMAw=","eW/jcrWL84ufOx038bzDcEx6iYieE9P3yL8j3V1ys10=","cm6Oh0O4gtJHaLCwzvdvBuMwH1/FXY00d8/nnNNBlMw=","6JD0QcQ5qFOe6EF3sJ9tKO9567eA5g/kpZvxnb0xKNU=","ZOvsn8NaibtCIIZHpd1y/QDYvjIrhP24foY43zv8A78=","57z2oKSRiHW60zJyclF49BcIrD06UUoa0Kzy1H5IiRk=","lFiThWWLCm7ZbX6l0CzU+RDywVFMxFLtU3SNdHkGOgY=","w1UAoGKDubZrIIijdIRsjRYdl3xkQzkUTTMNJkrIvlI=","OX+RJJOB61pwOEHRmruCxjJG9c6cxkxbMI2y1QLWHrY=","cq+/ZWx60C44H3qKGYvEmn5rkwmYLop+XXESyGMiV6Y=","gSP0ty/E+MpH+4YBIgsM+kQC3Ay6UAz7toIrmMmM5hY=","GsSqrzkGT2UNzMwbQ1D0mgGM0jm2C2g+wNIGtUvpLRU=","Ad3n2FHwzmsS45igGXna8q9pjxOfJCKUPGj6PGt0Byw=","Vaj+9bxs1UUg3ZXM6PlyMFH9Cyzeg3AsKL5sZCh+LIk=","46cqecqrmHQvqUKGmx2Thz06wsG9nAVKemmn0LqfdSk=","+8oK9J1OEmzfg2uIZkTf5uibmgMMkYKwqGMPD0vdqhU=","6cF2xvx48dczJCnLv6t9Lf0IZmM19CJuxxlHxupQnQY=","+41UTlydme76x2zs9CZ3Jxopzn75kP1gF32i/rO5Gk8=","uER7oqn1VLWDiyH57hjIunpn5FeaZK/BhNb6Isl97F4=","xeRT2HaFVewyWdhAkER4q8Q/uZYCJSbUTTaqmmSjnGE=","2J0NgnfrecvVLsNkHFFMZkARQ+r8mhsLF0sFP5wR9VY=","syP+xwc0XmKiwImIc5p4quJ7qiZYiyK65k5cNIkU9i8=","g2fVBWAhb/21HszlXYt3qAgNhlxtaE5FgWa+xB2GOxs=","oBCLJura/8dIL69ZfdXU0OfMzEZQHXa9BoIi0a9O/cE=","RZ48L8MMqdgGAZE7KkFTjSwzi1PA/KA6SWawJxpBk3g=","j1+milxenyLCYMgy/j0UHtRTVsNgLF2lWipytd543gk=","eaJMtBrUfHrwgNOH2cIR2vFiWXY2Nn8ha72FnPdNHpc=","MzHU13k+zAAaUgMsKzC780rh8hy6zEdmEvSUb4euDuY=","HWEtpL++QhNgtBR34RZYO7i67MbJcIpe6SeTpXiHlRs=","+cAXPsRjBk76qBv7IVgWdiXHNlrwcidqN3UtUsuj+lg=","jjJkS9/GE+9symOOPwzsXKHzy76x7CcZ4M7Tz2i48/8=","AOLWVPE8aMj1JUGuap0CGvja7PiY9/6W8XKcH2Mi3to=","v5qd6TJa0Ds5+krpDMCG4yJn3gV3P2fnQYoU/HEyxFU=","AQCXccKJooSPWrMcZs0+DBPjOHmiWsiicVKZBZ/9Thc=","S+588FHOtZTezaw3HYpspUd7Cf4FpQt0U98+oRvMIu4=","x9XfHwG+J8juvO4x3FfvQ02xuXKOTSUQrmcqGWptRPc=","yyaw+1LEQpm9qCBxARHI523f1vWXXaxJvaAsiV23MjU=","lNS6NPG0ok71O44BvntlD/vC9czNd1ldsETJghKtvgQ=","DKPaynaAavnB1ht8gJT/eXUIpF+Q0NmZQQIE7VHUSXQ=","5a5MQHMTxNP5cMm1zBu1SfRNekf5klf793g7LZ6qZX0=","SPMfRMyaIjDmtGHMKsPA3RiMoF/ScGLMCR3kDbkQ66Y=","kN6Kru4P1JafJ359wHfHyibQbaVq5J6qG81EognsWYw=","tYR2c/M7KdI/DHFD1pjHrP79AbEDRnaJ+ReIT74njb8=","2uO8cd1b0vr7nfUm0+gGLdNKT8pz77ZcA50vjVDkH/U=","y5uMRDGcmmkEfVOyxyhX3o8/F0/JClLNQbJI+1r5KQ8=","wPOr5NQge/TaQCvQ7tMQa9uBwk07xw5Ou3sMlTW2H5k=","DNaN2qbxeMGLPoDvB4cY/yXMqJGKlthdRg2WLv3lS1c=","odcDjPyssqnqxd/nTwohuKnvp84DCx4q2axPKsbjRis=","IfNPd8SxZDuHEdcpls0I/IgMZpi1v6XELc6J5rli26Y=","USh/2jaUL+6TUPEC1hSAG0A/OHCRzcPvxqOfnsTesSw=","URu+o59vNrHmYCuD7fKKvxnVC88VuWSUm75iOXPE3eg=","v6H0atTjJIyr5rm8xFrq339iuHh51d4zOjccdgrcoYU=","byuKvaaDee+r56dmI9jD55o495GFytg9sKwZBVbvSbo=","T+YEDFI3a4bezHExdNY0QZmHxKhZQYLXPTatMgcryX0=","2DGX7LWZlxBgcO+Kauh4Q6p8wU7ArMQ6m/PbcbHPui4=","WuuvkX1I3cUpS0E0N8Ofm69fP2aAHVN714FikwGu0d4=","8Z0wfmHTnU9VRSkK3IzYVM++24fXOJ04xsF2Jl2nBuQ=","JSETxgeUAAEypGxctBF2KTBQZnUwQLaY5QMwtKemr+c=","q3xDLD69km781WLyCheOi+z6nrHAadxWa6XEwwZUsuA=","/yVnZWwhIJwWQwE6Mh6iw0vXHfwPz7GD6AECexVgHzA=","ZPaxOXwgO4viRYP5kjl2uYTuKpV8Y2fZaN7hRWAgGY4=","TxagR5euCM63cVznh4US/jCaagSas9Jb0SRcuRJ7Big=","lGi5olRY9GAcUUXyYiZAGb8eoqHDq9gzm87FHcVHpcQ=","XKW5ei+QsUSI6KzoQSJlF3liC9ebRV554tqE6ZHUZcY=","8+i4A3CUszUooED0gNE6iiXh9mlgu25EHoA1RMjFmAQ=","7mm6aCDy/gDh0yVpnLCR3o5HeF61WXHU0ui8VDN3LvY=","NHJdm8a8cDFZF7audxTDt5FtCQiMvKs1Uw8hV+sD+MU=","FrAPSVj2w/ML21Yfm2YHPDkkyxwcR6/aQza0elq3J1o=","rUEbF/UJK30/rFzn7XRjlSpOfBsDOTHxvBlDrv42PT8=","sJHm8cQNs82ybzzzyLqKeE0iMc3DY8RuBwyw+CXyVhw=","vjwSgXQGWuJo3ItIiQ113i4WENHtA0BzY3XLLl6fGT0=","iYyeRIorG+UdyPZkr+CILigrSC5oQEiYNMe/MuPWL3g=","tb5gePwU/mh1nPJCOLF4KObUJ6BCPRIhY13mFryeUy4=","1NfQKCOY1rhA96G37VNaEhf/QmVkJy2iMuRIblXsnGg=","EOdbZP4CLd/K2j3i8gJfiNIUsp1YspOt9FDQzkFKEhU=","T+5A9VjKuRe5XpZahB4TS2hhAphQRH42q+3O6vkOgko=","Mm8MDsEKhfVog7QO/+sVBc/GNb6c4edZFAgb72VrlaM=","fsxE3+Zt61ZK/wKq9lB00MF7wZbiGvJ7LGtV7RmDrck=","cdjMpFOdoFckbh40IdQHVz0Fl/wMSLHH1P9zDbuy1MQ=","lwrO+DS8vA++kIZhgGRZaAZoNU2K2SyBXHk2CuOAkJE=","d9gHR50oECQ6esuSH8TJcqOXkva9tV7qwHpBxwhG1yM=","I79sVJGZl/iiYcwO+KdkCVTuklYcaqfU+jPRqonJPQ8=","zVLEWDHj7qr6jehr09W2yYaYzo1KfVzvV430FBcW548=","86EWpL0c0Q6DNEr1f68Idp/wUAf7uT7FkURTXk48Fa8=","8b2lonUqj36W0c+vPTT+VDCGRcRbS7rrj7hT1837N7w=","sW8yCkVClY8EELI0KlM72VL3NZECholRbiiGaoT1iyY=","BvyJfSnkT73s1G1USMw2qWmOUMbxQip9hO9lvBwpVmE=","04e97WaR/EBldgUBU0xbEaLvLDiVdJ86tFGJbmYzoPg=","lvbufa6jnhyuneWPs8QJEleRmTY8ua9yOWcZrLdZo+U=","2E++/nGtWfmWBzdTXz3nwkwz7Gd5lfSAL6PaNaNa3k0=","r+jP7vyRW9LGwiAREhE23fEaxsUp3jgTmnspOxy2Pb0=","p3uLYzrDIePA7bDGLckwVNrDs6rGSnsQlrsHT23fN04=","IuKY0CrQRbu3it/UKpRknS5rbohtwO4vjP2LYY7NkBo=","Kg9kBKYlL29U4e1lV4Gdbn9VP4PrM3laNIYDKuH6jEQ=","pVPnzGC6xe8WEtcOVLxO6prkxGmo6A/wXp2U1NmMG6s=","HCe9bJW5ExbcyIfeRrL/cFSKlZYPw2DKY8f6fDoaOQc=","CepKT7u4vjsJPxn49P2ihULajCx6oFrKwSZz7fMaq6o=","AojcqfuQKBoYzR7UjGNmHziBOntDpLx3IZp8D6TACPM=","5ZjifNJK5zz0h5vpOvR6S894W8Zyp+PdwOsd1P6cbis=","c9juMmEgNm3mij6G18YAXuiotz1aPgKgHLJGk6fZD/M=","eW3hqRwwdPGln6ODIWEqoLCR4XGLrD5a32QK+W3u42A=","nxfHDMH8eqVWwOH3WfhijYTRQoVdDxud062UoTL1WK4=","JprnVpaIeww+rTlEsHnbsRnN6froDlATs4oh4bNNw7k=","aQDIykOclu1DATWl3BjdssnWSnoIyDsEOw5d0cBr84A=","Calmf3Z4Sa6c7Flcoo1CuoOQSs26iqQNSHBdiMJlGx0=","McktasGpXCk9jxbG+cplKhemi1hpRVTKzhNbAKyDWWI=","JrCMvA656UA+xy1EcAj/ENDGZg4ZHaxpbKomFM0CV0c=","mdICSNlvzXXcFglMoEjS+ppgSAfuF7H6Lj5f2RmFNOk=","I2NVUAHb1CaXIWAs3VfN8I3ZC4goxZb0YTQ9QkLC2Z4=","nmh249wbKqgEi2UHoyYtSxBDAxdkz3zH1CL21+GRzXI=","A8N6hFzorhK68yo6xD5tdMUN32oRJ+x6R+zFR77lonM=","uUsqEjxfrb2OxPX708j9ouo1izxbqzR6eEHWfrO+PLQ=","hrZNmgneJF26uW2TLX8Kenmxgzprm4SM3WphAGdJU9Y=","+d8IdBp1z5z/eCTGvwvb482UMfPGP5jOukowkAlWfhg=","lpx//I6pAR3a29w2A5aozM9CgHxSzgp7Q1auA4/a6/A=","PMLk2cBoxp1WZ8gxb7Tu1Otot/OnhM1PBTJqQBZ5A0k=","/ek9AnLjrvQemZTx8U5b3QfiypVX3pzbezF67PbSlmI=","XgWc7mYGt3QJ6CRB7SfrAvF1TeJyXQ0aXyuntxVHSo8=","f4+T+XhP/ewIo/3Vo+cQkETBxUr1D/tPEoEDo2Ez7wA=","2wS6UP4ybMQ4OzUl7kZzSa6KH3cW/Djym5Ry1H9xtS0=","QKIiAH+4AhoErmn53l/v9e/Hjy3cA4/aQb05tyvqjg8=","+UIUOnYj7XI35fdkY3MnPicYTvTJAVR2SkRYBkM14Wc=","uh64VMpPUjfX+pQQ4ZamHBbkbNp7Vee1OGM/oQcLjD4=","FrVygdZd37rUhu3XpxjBH3EPU34SvWjUUGWR3734L9Q=","1PhLV/6jIwRykKv/PjxlrP1ovmWTO6/cEMicpkobekA=","FZqMURv8i65QkFGowuwKRSjsto2q/MPtv5D7uyqy2FA=","v/lHnj5Wyt5Xr/31ZrX/QmFlhXXkr5e/mT6k0h4yX4g=","3/FjDRhywPIp2bjAKD6G/3RGMPyMXo0B044KLfR6kec=","nATh3YQJQJ2ZRl0GVlsw2TCbSSXFyAGMJsYc0cOEv4M=","hObXYaaax0nrm8aM1t7gduK8Fd1lUJwL4ZIcV9Te5OY=","YCVOtJ7HV8d4XPX7zzSiJHor4iHZZ1AnKiAygIhLf8Y=","sf7t8WPt2lMPN3KAFT3rjIUVX6CUw+AT/xx0BLSrCJo=","3+KOHaBeimrsm2z4ZfdsXM6OE/S0xZPKsXVG/5TA3v4=","qIL31VYuR13n7EP1WjUM0EL5BlicFMlUUwzjMXAuhg8=","Q332aevGO9L4LLKeFN/uINlk4Bnty0GUGhTrYd93SlM=","fXkDokvpx+GIvcHflZC9tJgm4XmDJlGhjJthKFbcLWs=","8bTx4xNNcSbrCG290luXXXSnmxu3dAeveid4i0dwTI0=","Oh7QNujgJcVsyeasfHm0R3NQPqwFN2Tj47ki5lrd960=","0xsITiPBwzhPT/Kad+DOaEDgpO0RkN1yx2uOWGMy0BE=","PdyJSVg3NNFezyzU5+sObY3iDwHWGjFXel0XBBkNcf4=","6uKcaxjicAMvlc/vOvI8plSUbstM8RM8+yPIYkvM7OU=","scof+p2L9hR7jO0DVYq9Lxt7MjGdK2EtsF8A0Ju1Mh8=","N56XruQeeaZZ/zAWLPFUey7zIi10tBNhP+VNVPp5Jws=","C15uVoRFtTdonDCSvk3JcVSHXHvthFSWNvslUzcpXZk=","eDp+/qR1U0wwR1LYw3tyKRHt0yp+5Les8WmxC60JJUo=","orAMbClACgriVxPWzk7IWZZ5EoAnzufiwc2Bbp34nSM=","H8g1CMeWynmmYvuvw9Tqx9TayqWiiR3Ehh5gunMF60g=","sQc3Wq9sdLaL9Izp5XERVGMQpp/ZEtpVMsa4gXF9lUE=","BeayMDfrGxR4c5ObQj/pE+Zp4VZEMmCjcTXtJb8QIMg=","vEiZnRC1Hu4OY3/TN7EC2widOJwKgxwLJIgP+c61tT0=","q8bCkta1uAoK/veKpE1JnigKZQsGWaDyty7Vbruz9fA=","I7JwcD87DdFxI9bGD8uNx/SS6vHzjjgKllIYcrN/Tck=","aYjLyLz4WjtTLV8ulX6UjQG+gSNaXBVfg+accIjdp54=","bGIx7RG310bFBNe58pfYA1jZKOIN4C9JYD0dDleXBjc=","9i2sL9RWPgteTspPfU/2+0P6Ej8exOr2fRGhcIMLJTk=","FPUYRdmLmQflwXIWAvfZfAeT12fwMBq5uu0qYyylpE8=","mWu0SKTeVZmcb4442AHcfbWPYJHO6GRk62naRbxOh6s=","En0N7jcX2zKGsu9Sx6nY1NRhhIEcn7G+s3Y2SPhyxGQ=","l5jXcQbE8BlSJH68Botjz+RTxWoBTApLo8IUMyTCkcM=","AExYywNOhClaIb9hzKplyo99KCMHOKJzdSSvXDrnwTI=","II2gmO8UA1g7kO/zz2PQHQPHnk+8vdBtvKT9eRNatgY=","NK+S195YWAEiy0aoERygVGe0XgyfiohG4ZjAtBKFxOo=","WGUkFccsNhDSAvYWemiPf+ModJoR1W8aGlMS5DabxXY=","P1TFEYi2Z8ijZOtdJ0dxubCQnb59wdfoI72P1a/iHy4=","DEdRL8mUVlWzt5NDp6npr47Vp+rPNhiUCMYLdWWJwgU=","GQGtN6QMZ2eqobN61/QXim8ymXK+CRTjU40FmMqCppY=","w7MPXdpmu0y28loVAf69gxpiaME6rwJoUUnpKDbkFgI=","xIDS1C/dltnxORG/bctDQBpnAIpvnVAj6rrE0weqZU0=","E2m0MWTSglki/1mXnQAYJFDdPMtF9UvwBPVN/o7lKNo=","C/XybAVwSGSK5Hkq7vNIjUacJcrygMteJmCHe6xj4S0=","uPRn+jS0rlu+tpmAN5j8b+qzlVfMJ20C/nOW6alHKNQ=","Mzoy06B4Bgpj7gSRTmmpwoX03HEx84HVdYLILyY64Hk=","Gu0alzykTSICu/26U5dDf1h6oMx2Q6Ldi3q1qdFxSC8=","UfubSCbkW7yfz3bmbwAhq0+J7rBo5nFox6K5DvVKysY=","8rqxF5awzUsrkiPcvnbQaBoqCefpm482idrhm0SgfJo=","uQjN+TcxvMNpgEkJ3TSyNbg1KM6Bds9rY6Q7eH888W0=","rrYuRzufhjw1eWufRWr0q8+XLLR4/TNiyz6nGcz77+A=","GVcZqI9Y4ZRYxid5PeMcn0zl59DHt8ottBe1EvW5GLw=","y41o/g2YgUagxtPvvKm0hs+Vg+0iyfDeuIZCJen8g98=","/0xP67nOAs4mgdoPl0Xu5h1yw5RkN1C598yQKVZgS/4=","OJeKVOaRAa/XP5ZTzA1PkKGutAL+jD1YPs9itB3z0hw=","yk1D1NsYBcwqVoRwoXE9ssFxznPU8hclePUADg7n8Rc=","HM4AJO0Gk7H2N+AuoDODY4+62GvXwfNc78rUOA25SiU=","zlWDhXKTHcC6N58GqlhBEHmdRtu9vHRoTv2Uezw6ZBA=","RL2hLWZatqrVMvNaUUPSpPTyJt1LTgIcCbuMSazhw5k=","SyA2wXIRLPn40JLdyiBUWecq6aFiaKVaWVg1UVyudOQ=","eqHiX7/L7rcKCyN6wcDC0ukGyZTyhKREsW6lPaONTJ4=","k7GiARX7F+JRHFK5mrtt8/gk5DXL8QISOSPy+TG0kvo=","adJhX7yPdMMQT8zyveJFYE++FuEtwXUigCHhlba/QEM=","EIMwdFRXNfxATuupx2VqmslZW60nZynGblgO4HRzuOg=","IO3TPS/pHBlkWocNEDAE9TkKfigUW6b69A/qWTFDEoI=","xd35snz0T+S/u4VIL7xpP/Estg2Q4eq5h7xJSp8hM8Q=","r8Q03xNzgGtpABOX6urR6SCjY6+yteyzDiA0biDtJFI=","AUisMKotTC4VTUk0sPngA/zEVw+yZXqKMvjuNz1pNmI=","th3NytQDNDuH0rfClpes0nNb7AB7V2r2d0ku1b7xQZo=","bLn+dW2VqOuXl8s1mF5pyXHXuwozGGCmkUo4lYG8M8M=","uzpA1tSsSs9nuuET+crwdO654+1V3urowSnyLjWmcYU=","SOgt+pJcDAjAlgKFUsA+BviJ5s1rujxbVZChBXMs3Ls=","ekIkZq5KlR3BsJ+U3ougJBFBUDL9kxyY+0y6D46HSYU=","A7wZBcYmLAZJOxDA5GZUtIAyCUMvY9HRYI/dlkVIt0c=","rh3E2hIJlBzYpscGJrqTIpu3lNk7E4XMollTN33ZWTY=","MbA2YAnqJ+1sowPrrMMVlPV4XiaFIjgzRyMxVtGP+VA=","G7n8/ibGBwhDaPg325vXTdzjOWPPOKx7g/HbS0Yfygs=","BFifaY0A/Ci1ahRcz0Sl97TvK6QP4slR6+SVZLLWNOc=","YGMh3ZYAcTAlPEtllOiKZpRBCHGqi2i/iSufyC3E6qw=","vyfbrBNqYAl0PtRPZayS9oX8ZeOLNu/2hhiGtHQ94U8=","9cjpLSzmo26m/lxi0H/1fetaD0iNWlDo9FC4ixV0nO8=","K3y7LCeUeX9QtwovWnFW0GfJrv5nTG3vwpZ0aQokNoQ=","kZ9e95yU5trD9jeyr8JsJzMkCy3QguDaFVGdePD88Ak=","1DEQ3Dkm0PjqkZE/g0VJ0cG2Y/6I8Vkqdt4WCpCUcf0=","KiNgaeYBkaNEm+7Bb8pGMbeCT64W+jiqXFM/NXFr5Rs=","cFhHNvIkoRx9uwUQeqAjwsjpJZvp3BmrDe0vDrnVEqA=","3UZA3N/ZfgEmRrYAhb6wpxNVz2hDhWzr9cm9OUcYWm0=","PBFewkukcDgp0NIcOK6xNWzN8wsWhawEp8hdhZaxO7k=","N1/OygpRc+Mmlj5mNDmCv/tBsALR9+rBwwKOu2nWWPE=","Jr70+KOHvofM+8crqAuPW1zSdAYQWvxPj38TOFV9yQs=","GL+d8FcWgpOE8ZcVm4X1QMxZzF7HPAYT1RQkXsX/Ub4=","+kGVCh8j3nDz+05VRHTSym8f0SQ7FHzva/cuOgf0zV0=","opn3oFQ83xporFAeGe6QnlYs42zNFlfs+z+Cm6mCkrM=","UAVwD/S7JUyFg9g5Ss4MdTqIyAq8pk2GILPlBqrs2ZA=","sad//4TwKFt5AxnNgeq7mFasf+88/gE8AO91K1pbrjM=","h4TTS/WHT4K4wvCnhUotKEihWAFN0smPmFVUVx5aMzc=","DndfMu8gJISoFrJDyjmL1vJhxYMV26Ow+xuf4EYYiOQ=","G8ajithv2fzJhlzhLh9JIbOtvRyCyzpjM3O0IaJfOE8=","DPHJ8r/mGjsRb8DW07qTUUSUWvi5i+L8iiJWWJeZQOA=","LYwEJsxJtNK09Om/k+0vbQfz9nxPGLJ6iOAz0mKubY8=","CrF198LNsGXoiHFteSrlsC+MoGJNzRUSqCOL+UIG6pQ=","iXs7mLjBBAkX0tGb3qYAANAWEV5Oau5UtBArryPfWWE=","B7muWSCoLJUmTMMArzIb9EYcv+yt5XY39Qje5dHH93M=","fzfb5Dz4kMwXLjV4mzp5nenCQBVMaYZT0Vmc4DzW1WI=","jm9DX4KH0O7czP+gB445zIzHEqhfl1PcymzJRJrXYB8=","m48fvvH/8ybSYbXJlJ57KlDtmO84W2P5MJx5sBasQwQ=","Cr+MiD/TLKylWAWa4Dz7xJ3WpEet9g4jmz22nv4hdeY=","rJ5Tk/K4U1jH/UnORnXKsXHaC6otbehC03NptC4semA=","9LzHaIZFLFeXf5bKSBf/vlOz8DD2ZsSfmCaQJMvg5ng=","T7Lhw3jON5i4SuiNN+S7iVAOeYnVIb+7Rz4a0zXoDqE=","dI6F+wjVyQpzmk4hblriTLIRVtYe/wnxbuhISbtRZaY=","QSHHCvvm2bus/giLdkR3aVdiB/Ko7hY2NgJFcD6D/4o=","xFZId9XT9Gv5L0NXnW4NR332qkAybRIVeeW7K8XwIv0=","U25rlHFSO5JRSk65oRKNqHw0Oml1oBPqw/enu9IJ7Dw=","ZTWV+VlUuZ0HPLMTjtqU1IZVJG7Ggd9A/MxM3uqOByM=","SGWlGO5QnGHfwixgEvLZvCk8qRJgNWF303mzLEPJoSQ=","Do8jfRhsKcsVyl885FMgOh2A44bGincYKdxE8AiDofk=","lsosA71rnXmCNAQfjb86VSO42aonscw8w2+VR1dL4uE=","yNTggkmQq1zGcyXOnzwRef4IGvF9En+7AwQaBjffzvo=","T3xrOXY7PD+HZxT4m+N442rnqz8uf0N67prwBa5thmY=","hiLK0BZOgd5GNc1HMwbJfvWmKOuXc/oQJbt6SCdlBvY=","snJiOlDI8Zf/CzdkjnF+XdDnJlTyKsMjvxcpfDwDPqk=","z4PcR74pZpDFkOtgzrKs2jeb1HoSpq0dNLXKmMi9V7Y=","vhVxQQEj1+Gb85xdwyEvTks+7MFBueXmfSWVWXEJOqQ=","4GtHVrGSCoKGk90JKgIyUjrcbt+ON18HUky94mQ8hSY=","IWal9limJ9dpjw/kBnBQIxNaOnvpKbmrJ8S77GQXBo0=","oCelkbk3V8jyCY3Q7j6Nz07Mj0Tt2x0vqDVJ8Oks/dU=","OBys/9EG6wjnNNv/mIdw63P/RY/YSg3384d9QIVpMnQ=","zZzjNR7G7fGBhJxhYj0SdkcKEU8dUvLrMvf4GEWxIqo=","05qYYzfJn81QapgKnxMqJLnfelLLQ/9jwHIlchW34Wk=","8a3PHXIkXtfdsQ1rqX4LcM6/ph+GW6wW1NY6oRmT3gg=","gdUhe5Vw68ECHEETJy7DNa4Hb6epPkq4ox5lBSfzlEA=","FFtsfX1gT1VuHIksQH5oIDsEj2A2MbGJ23WA3F1y+1c=","KDnGfxx1zImj9AMCahcOC3IbXRJnZkA8vXJCJ1bxswk=","Ii5A6/B+iZ9ghLBhGCAe79vQfaGY9GAFeeUsupU7VZU=","tPqTFkn9Jd/E9KsX7KFBRvbxaY/vhJhNacNwmY0P9QY=","haFH7F2P+sTdlD+Dzka6lA5gxo/KNLWzlQjzXk6z2Qo=","OeZrvNf+3V+gJNTc/YhHHPypUfxe4UgdzfBQ2hRXKjc=","DfXPFHTB3hG/C+t5qveVZ/0rpGW3SIJ2TXdut93eduk=","fz+JMv1ZycR8OKVjI/Y9n7Tcn6TiNGOWcA4fM9eZs1I=","aS2k/jxBr1pcypFLtfpw52gRJAgtXNf5i9CygGxNInY=","eC2gnU+k457LWdIfTKo5cnsA1P9Y1VBFsoyInanblIo=","jEweCLVsA4JVzQr+MGYv0mcb+WvaBJY+2M4FljdOeyg=","fVxkt5E92UDmxkTS+q8aw6LLPyedS3guKvt4/Hr00rk=","yN++FQwZAUN2kWVdpYz1OLsL2ZugGxqCpqhYPHSbWPg=","OWAhiPTY0MGLhD2wWttpXBCFjnwZwQ1hbmAGIWRV5A8=","EmbMjBfE60u3xqlgltnhnclbVUzV68g0wf/4T1TUeAg=","daGgvTg4at93LydzqQzdyZqRbhceGRvZvhDNbPIA+To=","KdPpVzfl/aqv0SUJ/3kqYVr/QoW8E6Rj3KaVlYpz1rY=","OE/DmUiUd9yQvrnaFIQN6KJ5MijfMO2Nwz7j5fDE2Gs=","l1j0tT0SYRDnjS3a8g+SC1MsIZJH08uRAlyD/uEFKrw=","ZUnJ+MleuMN6Igd47/aZhtf4KOoPwL6+aSKdXoDgQLA=","TIlqngiQ7/eZg6FPwiwllDpwLeyg7zpcs5GLrvf/l14=","ehflpOc7PpWMfeZeWL7sMXGN765G/h+u/ohrFWb5Bfs=","H9thSk6aM/IatCqVXiI6h8HwfSKxK2DU08PyniPUn8s=","oVMqn5R7F0ddevbhZMtsctYyCGZld7vHvq58cG8niYU=","mAhpd+jTIkXG4XcIYJCILQkHz+lyE/rK5XTEZrrZkVg=","kDpBToQuQQQFNoc5nmvexfqXG+b7EX4675Yx0CQTlqU=","toNpitZb4oUz8HMlK94cy9K3KYCk0y+HEVsr2ivTZO0=","iKQuuY1wBO00P5vCQHL09LO6f9VwgkCoIoMKo2JvsEg=","+u+Td6usuRbVnR/wWz9bJ19qBbCJmiZ/Ho+RiXS3yWc=","x/F/SGWy9hiZoSKNw0zfbzVfiE8fv4Y5NX8RTOiXTK4=","0adYlH/dp0jFUOKFvmz6ZcAPV3pm8yBRbR0jr0F3zBQ=","cPy9R1/HTLt/9s38sLmAQFdDow1cp8Ae2nnd9XZ2mg4=","Gui7IFPLwua9EJL9h9x8Y/Now9VayMIO1H37La3FXYg=","GrqYVuqRiqdah/HdTh31r/UcmEw7ErfuITrpQjU6yjw=","ZfGBZZ7FX+y2G4/pzZ8gBx07anhPGl7r0ASCkaf7EAY=","LrTqDjo1cdiV+TbJ2+fXLO/1/w9p6XM2S7Gcdj6xQOY=","suQQXBPKSGmrHV/5JCpEH/H2ZVTmbfiiaAoIPMIzWj8=","6d0Qr5DkPWOsF/xh1n6pVUikID311np5EYGQL25ekIs=","Sk/cRsajn2eNpf0wv5pVxtGfH5+s3TLvRU1HexavInY=","6S5EzWSsws0oLFPEbYq+rw4XZ9g83POrtaoGh3mFLnw="],"block_size":4096,"path":"build/main.js"},{"block_hashes":["wnfc9fNaB/NI6F+B47GDIXFiEOcEZRjqZA4YksFf0xI=","kJ4UyTv1cuor5Z9homlf3EGi7ZU8+yvwZRNtQQcnKDc=","loo/kRakex1bD7PJ/97a37g1ijJ4s5OYHRZuWLFyTVs=","Uve/GLQ5RtHKhUaUkA3YDKO+dN8FQDXkedg4lPe1oGI=","IbIJ/T/r5yx+L8sWW2bAwnmlB0aaEp0rNk+g2VVELOw=","BnE7INpVrarX3jkT1uz5pFrR2xUt2NcphobHQVorH+M=","m+wTT/pmqWBOud/dusa5K79DI9/b10HqebTJY+BArF4=","dviWi9Jdqh9lEvIrDy2TupNEQ/V1hpoQXTsFM+ry1NI=","+IYaIVozBq08zJHX+P9oBGQLMs1rlYZxku0Ypq1pr0E=","rZFb/FARnegS7TigO/JgX700Z+9DkT3MYc0zE87TNpg=","qtchc5QdknMYE3xqLtONg0MbFUPESiFojBC6BzfchxU=","jDDx/OP1VklS8O54iIxu6Vxw61t7D4+ZXrghYyv2NJ8=","F4btI8QSGUR7h3UdkYIV+ViA5morgKexlLLiIfeiG9Y=","ltybv/lWEvaIa+caLiHjknMD9Drho4JurI9tQWtopRY=","1FyH2Q6WG/H40q+dsxGYeku/yho3e1SwU3ue7VJ1Mhg=","vtm0DE+yUPULFW2Ip3fS9hzUpM7TSiA76cd8NNNR0bE=","6fCH86kn3+kbS6cPHqGfKQKM5WaIVZJlqgPN5usNhYA=","HHZZ/62AMxsSHZ/UAbU0p8CpvRSIPQu1Zxr3U79e9H8=","5jwuJsps28GH+xxa93roaY1KERK+JmtJ4ShX9svjMdY=","LD0qOkATWaSvq67aAefveQfznokTxGIAS38A8Tg35/A=","xV2m97l/qlo71Ma657VUGUe34LMboBiCj0tjysjer8U=","G/OvKmZancHj76X6j0o438FPjvgi2a72eimJ0RCmRiw=","RKu8GMJ927IkQ8lefVm357FBo28YbhQdCUT18WTnZmg=","jI++U0+s0LYegdRvGQ7neOXHpmKGz7ai1I3i1iFKcQQ=","KpZULBEMQ4N/P3x20/DhFidIkI9VKkkfhbV21DYrSAI=","qjISbQ4PwPzuPLtOBsXPPMmI97+/gZVZf+nsgxCVHKI=","0cM5XD5GFXtkG/ocrCJnvBBTKVcRW/JQpFiBrMT7h0A=","YxpDBVLuPhbUjlwjlyNQ0saGePDxKPnzdiszArdlmXw=","mFHIMjGJWihZ0Ka+YLltdZ+wUoF9oOanh+xLjUrGKqk=","PdHkoUDbW5xML1uiFzxUjjYBBFEr4e2UiQ3AOBTYSL4=","Sx6MSo4of7aAtcRnQA6UOpSDSaa/M0Wu+0rXPafAfDs=","vErzYCUdGcz/HE9VqpLV6wCL7p5hWtgZWatujIoFQZo=","VvPUZXU45cPYQA+X5JHyeMY/MA5ysbemnlqVN69MOHU=","D4U4Tfh7titqxIfdfaF+Ck4IZaJHTRg/QN247Roe7wk=","uSwzldYIYmMF2V1PONehShuWdaePjPuMSx8iBcVtE1I=","zYIVBCuBPW3u7MyE5UP08HXmF+P2w23Gp7OfHcc9dv0=","6MNuj16A+kEqg0wqfE5ZTs6B7u82zYSy8iZ2KvtB1SQ=","O0W1qok9Ndnxqs3Q7Avd/LLvqPZkCywjQvAF+yt2T+w=","+P3sxVx3NmT1SqNuJGMKC0//tedU5losqDtaZr6WZ38=","H4Q08Drkmc8RyQj/XmKBDtv3e8ZBw/7OJ4FIUHSAwhg=","94qVjggOl9e/96IxPR7rFdsX6ybvfBG0WR+f4dtO1J0=","MB1K3pk4vugt2sR0wXGkWST4jRGUaO7yVLIe5adbrCw=","pKQ1UrYbuHhKPxKg3NEkjMY6OiwAKn5qyoyUAA2Ql9c=","9jT6YoA6KUfphGfTYZj4tc8LgJBxrp8/YLc+D/eQ/K4=","9ohkE1IhjPW9m3NrgaUpf0lWXmXIACE5ZA1FQGg75Ac=","ZFvalAvHwqWkgPG5z8tduOMvOie6N8Q2o9a0bjeDIsI=","l8AXAtAJUq+Ho7kD991I6D03PduSvMvEq/dm7+aD0VI=","4iffwQbZm4rxHp49mrm843/rNwNjB7n/hhPh7ZiNhqg=","eHBjl4ktNaqyK3Z1Pr9utHtxxJ7yXwvo33Ud8MhEuhY=","qs1nX1U+8TND9pBMKx2VVs7xRq8aeCThxD77wLWqlO0=","Hn3R+VEf2Oqy6wxE9e3+pInyy0XeA2zFFDoJofwfqV0=","cxxSPeWKxSHD9vmP2iW6wL9pTT9XnzhnqOL2eUBfwlc=","k5rOlHcOxInYoTVMti5ZSUl6arEPzvgBXScFenf0SRU=","KKBmXzh1lsXVF4seUBTQJLNMxyv8pUln3GlACtrE2zE=","3eLJYH7oczu+ERGz2yh6B0cNHtMHxVcP6jPelPTseHk=","o9tjCfSewMUYa5dyy6S9BHH1BI4NxsvCCD1PIVl/eys=","dbLitY00+J/zjgzR6N8vJHMFLcISeDDojGT8pfehFFc=","5GsUNtWsiZ0SpWAtmnm8LumsujYaKghaFyjDzawz50M=","b+tLYBvsvOVWhcEO8MoVt2ZCFUV6VktZT0i8fkqe+AQ=","AduNqhQWFDQLGEJZoNhSsPPxkKlQ/mFFSQvJ3vLuz/k=","qaEEqYfeSFSPD0UIPuEzCyaMp7dZjiC1ILEIUm9Iw3k=","yQ9d0yfsxlfSLTplEvDZA9IGNqcqNOYcVPGIjOhOsk4=","KcAPOIm3PzV4V4lZWJekXQg3Rclp9UX6QAi4qy/ImQ4=","B76xTUZpLXpDHPjKhWyqPf5KAAQcTCs4Qp656mczB/8=","zcCw9cHQZcHlyn2rXhtbnEgAl6G2GfYQwmTbTtwBOwA=","3PnlzXUDBZnE7xlQCyOradanXzDD4fXN6/24hNX8d6w=","m50Qu/Wq1hHBPdlGZfHXV5fTEjINT3sVUw1CBKHssK0=","KYTOe21c5ROuBqcXEMdK+rdVtuT9Iqp3ojMFg9fwkg4=","1W5IX9h8cphZW1ZbIaqAG/zmLrunYpejtvP7FBNYbIc=","z4WnnzsxE6vJ7zthQP2VU99P5+9Mgz+ohz4yI/Welg8=","704Qd9mMLIMSkvc8Yc5jzJBSks6ZIupPPTD1zaX+mUs=","uf92hBDsbuIsm3Y32JtTPUvCsSqbqGNczxW4uWFBIDA=","jfaR9A4Hv/xJVQKUBLCKdN9r5yciD3sqpNffGeR305U=","U0K3p51ArNjYz/f+0mVfNgDgKXj+yIsl9h4q0CjWAMU=","1+IrQkyzfA9chw9nRhQrjrq1k2xKEWBbMJchBcBoj0c=","d3Dwcy96bdMMcjqBBDg/qOZkQ62s/QhPQfx+qoiBIjM=","ayk1OJp4ejtyGseZYd09vIkhpJzdKKm6YcrO2zzsMFY=","aQFmF0t4/mZDJ4449/aIYkT811xizbpXLNc6ySransc=","ss2K9iNnhfZ0RzrlHQX5PFMgLbS4B6L6Ro9qTwq72cE=","n3wKj6HfRoC4tDd8x/Dh2aywSWa1daqIicnbyyDpRxQ=","Hl4zz74+7A+X/HY0yEa4KE5IK/9dguqSTnRF/vcDI9A=","YGwp/jb4ZnVHNuKsw9PbBeWTp8Zifzu/uUvLsnNI2Wg=","dgqp4ayu3QNAFfS1EMcIzCAnxRt6++E7KXNhqcybsQA=","+OhZB689BkVQWKtGvaZFK6MGPrRnNGyFtVQE0ox/FNk=","PHG/xDALA34OG9qHKmxafIvh4uvRZ2zn9BMkpcDBohM=","h77eg70xkO7/HKZC2vWuFy0K2DLhqEHIhSfXBh0m4WU=","RvXUMCAWRQ43R0BiG9gmW2TF+oOjDXfzBQrJXuuj7kI=","mlCKFG5ANnFTeqKcv+cyItINqXeKt1+S964GF5bpfM0=","0Wk8eKtex+peknK6YxLpJNbt2KIVBuIlpNrPdoBH6UU=","qWGhoxFqkzj894x+eBmtFvFDfBf5MpyU4X9h76teqy8=","gPNyrsb72c3Y7i7HJA/CrqtEaBKOuGWMYZC+t3wwEN0=","Nyt7gW7u0UcocSKwn6JxPJbQVzlh9beImZxBcI8ARTI=","pELlt34MTocLl6yE1MJJV1hSUkadYLR+yVhnY5nwDK8=","FKgIm5k7u4lyqTo9bEEp1l1K0YcUfqMav6YLf96K63M=","hvtVQtVEPmNEPU/DpRlFLqUlm5KOw+uoKauyQkbTpXs=","yjtrO3+Dqwl6GIyGsLTMPVoW7q9xEr+FbNV/sf7WYOE=","+Q12UO3e9QYsQ3vqVuBITF4sgHZHqIVfc8xK3vFLMkM=","6VOINFef7dh6ITfK/aKelFaLVPZ4Po0vcFmJRpvMf4w=","aLie/dbyjN6zExtYvAllpKAFMZXP0si+5wNMga6O4hA=","usgDHXVPRbm52uwJwlGHVXr3d9u5saiXcS2GuZYDKiw=","6XM637wLlpQqsWeQgCqQebWUUfzc8I51U/67eMCPzVo=","aKUKIB9YDPpX7F3WNMS45N4nRqkQD0VVsz4c+nCjK3k=","JAKfrdN+Ya4N8e0Vb0ccJuXFsm1zC4Qj10ExpzyMHEs=","+41I6dQI6TKkoNA5jh2enIGejRDehQ5aDRpVloE8sxE=","yilXRL6QDb/RLOgrZboDKxDLLzS9yaDjORgb3B3cYoM=","y7+qbwvrUKNRESNufK0Ef4I3iiQo8D7w1be8oOr93X4=","Tgzaum6k9morQktMcNssE2x6OyuVvT05i+QNZY0rSoY=","vYYF5X85CYmxqpwcHToYZmP8BrwnAedS7cY62iUc9nY=","ip6LSTGa5kRF3OMP8j2cAQcNahVU1EMtrph0SSSN4qk=","WuvxXNedS8PmW6qmRQEoJ5wBvHeY5MUQrI9l5jHFcQk=","tdj9JRfN9QimmxhJN9EmCuBBdYfN+smIHVOdTBqc0gI=","bo5UK2qj4va0JeqUpzYq/+PzPp1+uRpQSIP52MfDBHo=","dCxk/bWT9SQt5e/XvipDy5QJijJWO2VCAAAkxfzayhM=","OiPD1eh4GxiWkN0HzxbikpwlC5cXTsuxGPRjiHhZMOI=","vXslTIm+bSHIt9alRIeYIWWTFvMXlhC1sc2FmPmTUbI=","FSb4yKbJDbkEq0hzhNuWpE4+zs0aS8OmvgAwdyd43Kc=","30IcoxskORXrXwqyZsETUMaAjg5hFsQzdFWrOoek1EM=","WaGwVDZdC6QS74SRYFMbJW4zo66r1nWasgazOZtXA08=","LnSc3AcLK1O2BEXQQ/jKJonxqUcfbq6+jaXDVGxHHsg=","hH/GbB7JKNnXPtMMminpSwEgLs6ngxO22LG2W5nrRRI=","0knKYixE8+49ARfe7m7P4o33w7blp2gaCFRCzWuTQrk=","Ob84U7Cd3p2QwhDxBB+6FmDoI6JzKftPPK7CBe4DtFM=","/tOfEJ8qC3dM41oRwxzgfx54hQ6V8kmTrrcowaZyCcM=","aOZbNCzxGWA+/043LSZMndQIZJfZWj3L19y06LcLEDs=","CjksvQRzaQCIMC3ZzV872uBiBMK20EhCTxZLev4G9eM=","jOjObWl00Um95dODBm/lh6qsszwkQScmAMn6Mb4N9e8=","0NNTuoTgQ0e0hNCj69SMYrt8olGV2UBSBEjtbIFLKgw=","HIm1uSvTEgkrXNE+r5v/k2LZfW+r4JZIo+soc5tkYLU=","WgudzrOTmDsy8i1aqQCpxH/wi9YhXOHhC4wxDsuDrkQ=","m1KefJsUwazmei1kIELxshZIdaJ/Dw0F545EnPXLoXc=","/fe+Zvt/wFrqWAJYgEKoKc0fbL4ERJJPsTjSWqBPFtE=","JptRG5vg1lhAc2GEphiUJV6Y+ympxaot852DoI7YWn0=","BLBu/gv/P6woJu0dmK6N4Xy8LuAourtfh0ONCrb/iaI=","ZmdySXXTsV5GeW7Bef/xWveNQkSG7GwDeFo+nbUZss8=","61btY+1rHtPwFQ6qeKO/QhhIQx5wfU2/SIZgm8nZyAI=","QVDJGXS7Zj+7YizERsY23O0SeR2pz7sA7s2Xe+LMplg=","m/6I3L8+YYNhe4kvnxatp374cHwTnID24S/p17ldKE0=","n59Ac94Aw0zqJgOZfARnfMoXS4E6Cs+jOgwXErNu/gs=","VUozvYPhMZ00PgjCRI1RF8EAMPGJKhH4v1vcISKiAeo=","LmvL04dyOQ8RphgKVU0KDkoMRM77L6M4VpB8ATGChyU=","kNyFN5SYJI8puZDDm+hwUFAqrvbNdXNu8fb0HuxygUM=","IVPwU2x9IGiopJ0b9mNsPJulAvzT5S2aVXl1hrx9gWA=","WBXhtPgDpbM0jYIZ6Ec7XSKECtURkHcrP8vJL1w59OQ=","t7/JfKqXW5LyrermZkUOBrpGSZ6vbHwccvkkM5lKHuc=","mCMDgKfUMImVfaY2V2KmkXD6Zp9GwGvhUcEnEAksEhw=","c/S1EsfE8zRcepVUV91owhxJ/KVJwgIQ4lrdm7aAH+o=","8Vs7hOug4fapvKeQlePLWFdGnqxvAFBtfPaLMSjozZk=","LtLSUdamE5Hic8fMLYrisykETilrZdF7Kj9v5X87DmQ=","0k4Mkmnf/zdFxNl4jl+z4sWVhYkGuMooy7x+aVW080U=","QARgFvcaBpnluL1m/xZBnkllPQYWnvsyciMQVuybi1c=","PENoKdz1+Rc9oQZszvALpn7Evo8visANqc2FNmj1iLg=","iQ7KR5+uUrbbUzvUEjImp13ENPC7s4yjo4ocWAzZ1bY=","8DbziKbtsvbTSVEph3nyRpZyo5k7p/mn2B/K4uj3/XI=","+tevzo2jn4ydhGx3dlhlUQgdpbp97IMUGNg4aIosGbY=","2kxw7T8f6SmyscF1d6uzhI99Bj0oQItxrGb0zLdm4uM=","O9tBLUt33rJjq70nDtS4y3bl4QvkhiR4DXJlvf8tHOY=","iZC1qlVU/kZyfL7XOEophQnrWb6fdfSkE9SF1E3XZ1k=","lDWGOGrofjHp5GBpHXZ9UbBOKsziAgB1pJ1nlz7B+N8=","apIcmLAv0ws6ERoH3AwkXA1OlfM9/MS+N/iACwjXMfw=","wQfh60syyh0x4eSKr0zd5mN1hrGtrTe46GyVa3JA284=","wTs/Z/ArtcQPXwahLMfImrJrTANOaNyhUVbv1yB6hzs=","mjEOAjcheh5oHTkiSjXRxsU1mwQNc3gMDeEMQtxSJ+w=","iAUi+k2JGsEOKwITXe0BvHb9vnbOBChbdRSDgv3+0W0=","wngjip1sEosIvq1a4ro3wPOZIbOYIYNQqtVrQIIk6Ec=","DB4D+xNQtaeuKE7LTfe1tNEWisH20QTVym2dlAMxnPU=","bJAhxgVutUnv2XWNVMALFCyntzzb1NlOvQboxB8cAJs=","GXFBZ/dRKvAcmNAm9M+IPmeElCA0xG0Hr2jlsiBX8xQ=","e5tmk/SSCe76MQ7bcuOmr3sX5KT0p9rIsRT7jPjnQxc=","F4Enc8znXzttBg6VpdSC55Uqu2D9RkC9fiVsjKYtnkg=","J5ResjYAhSwLNi4EmgopU1YvgVC+SwVgOg7MSWgyTpM=","X1n0VZSqNL9MMgVjiND5loKnUaezM87L6EhBtOp8ufs=","4Ml+OLI/oxcQK1I9EMtS403Lg5bpLiIGi2qryFFg2Xg=","zy8MdnWXnICjL0u4WtiUlmD7IyiSou6YmAyyiYAiT9M=","U5r936Za6x3LyBf3H9dBGa2B19oC+VyAk1b/khMKfCo=","Qs0UCbgZR7SbVgANnheLX8jELFkZHOaLkfUHZ7qVxos=","1I+r4d66SU+YsItgK7C4gTe3JszDitKwOvvw8YD0wZ4=","pqsW7q980pG4o84xXTD9CAnXpA2lvYouaLf0RrN3VMQ=","Y+VJQwifu6XZIFPMDnn2SZE9Yjm5icPOKw2b/qTwz3Y=","cmf/HtANmQWjMxPtlfx9ysAz5N12EstYyWnDWY49TLo=","R4hXA2aqASdtIemB2bSrbc93x0gisJqo+MKpyZueOw0=","6+bN95p/3Qx0JXI9osFhJAp1ECLZ6ohIp6qtAr6wsNQ=","m43QLVRpRfi0y6BjGuq+TEcn0q/jUfEFyMrCAjpx+Xs=","DOnEIzoCy1ix1YDK7ovVfhdPlH1wrg2/qWRx233XZQs=","nt5Vl/Na3pY0FegcXECp+QPS3h6o4I1lBgpm1GkxSkU=","3eolyd1RynpmGF3gBVe2myl7xeZUnk2+OgRKw0YQYQE=","cAc15MMcDV8iH/Nxi8FBjmN1qj6cKPjtG0B7F7W8xmQ=","CQiNecYdQmVfT9Pe7n2WtEx8G5JzNvMbtbbNyWkE5CQ=","7z3RvTTp/P76xke53y0dlsdN2s51SaVUS8D4OGnL4EQ=","MvMukYE7S1S5IfOKk2fOAmr6z70VosxO4j5jOXZjrfw=","gW46VK+CrpOtYGHlVDfqVyp/TxGTAVlTUEPZYNnn+3I=","G5FTNkjaivD2Wad78zfEo6yGni1mmjmQhclQbdRtNmY=","Jz7U5hKgbPrX+oWmNLvH/i76XmIIoEI+gArA1hCbeC4=","6eEhBC0GqxWmh6q3UXS53MRp+5HLsKXuizdu5m9EO/8=","TkNScw2lUHT5QLXliVpzlUQakZlzo0GTluCrU57DJPM=","INfSYLmj50gmBmToaIQYAFc/6ro1hNFyd5DtyfrhgrE=","gMQjhAIHYoxHb9jh8f2idgbQI6O5qIDJcYHixPJLywQ=","gFvh8Eylhg0/EHpQY1qGZsVcNuJu0GftiNnMa1xXOWM=","7jBYsMYbILYb+8Ib2+BHqZ49e2E8SG8G0sezFeTJQ7A=","EkDJgoDYlMdRZ/OhDW+ZFIPN58DnGqFFsR1bLProBNk=","uINTERCFK9mZvYlcrHJAbs69Zu66+6WSpo/su476+K0=","EDXHq5OV89mSzbmLtb5UMFRvXPEPrbuyL+fBBbyofM8=","fn+9bNHK3ZAGLrsA09/fn1YJCaRgwh6hcvtAWXBFcy4=","kbY9uRY7TjZmM8dPvFU4mk+KET+tPMPUQ+HNSoPgDSs=","sTwc+Gd+NOFy/lMPtGQUFU8TrYokip5OexUFvjvZFdw=","vzet3EP4jxXgS+4a1C3zny4BnLgRpx9AxPYFbYuMwBA=","nBRSnJTCayJg7ei4KWLMjmayt9s7RQ8EzMPUmREOmN0=","5mMSslU9S1LW755zHkVabA0P6QfPAAQ/ggQRLOh98+Q=","t5GW+3gyMN1S504ORXnCOsgQqMfsT1tMPVun8f7q5Qw=","zanwMyjBjEztn053S2rZ7e2b8HX4E0Xj7u0OJPw8KCY=","WfVMYne0w6xKcBviSUA+GsILRLmvin7A9kbGtTPcSzQ=","tLePpFo+7X70BPNgK3LipFRaI5bVkxzKYZ5yFjzaUXQ=","dgP6X5W0mbTCrlQUjZYuFk4TgyP0PvqiJtbSgY4Y3EE=","QniEaIKNTKUvLhoWV8V/V1rklqX/hEQx8PcugvvVAuU=","kfVqFMnoVT/rhnEn0RgyMylzPc8zK/EAAGmOyZDgHlM=","9llxWHz32gNzQCJvaLyBXW1NRwgq5NvgsTly3wJGL54=","TP2cS4H5JpdBXasJ6G/2FKPPgbUkf8gznV7rm0NDWW8=","1Z20MVwt5KxoUrnmFF67JFCjUa5QGKEeiWVXozsYDLQ=","bbXY6qxMPtXh3LtJdcfh7DLh8BTvrjXS8Sq1ZdjWqLk=","MP7gCH3lcujKOKE4SV6IHEnbFAqLPBC0wZVaD/tTKr8=","lepqIZri+Z45Ck/Q//uq91s1Y6yNZNP91glDdeGieXU=","ZGs7AUxWGuGf+Vw/ej/nQRkDb3PsrouXWqLuquPDOCg=","SG7wZVd1ONo3YYY+iRyzTCU67DBJrljagsCrQ6qEKSg=","WolVt0uaWCmld/mZdnOxw+Vp7BO4iZLEyP7yCDMKxNw=","rA8xOvrWlCtmKjcO1/UIATUI7pH/cUZpRE9L9IlfniM=","Tm1GtDFYgxtJdRfUw1QTFW8wHl49sGPPPYWWigvsgvA=","qzZDpfxVC6Rh7vhnUTdEgNOgh5pNFkw070PfJ9MhHv0=","bkVrNeIQR4gvlohhO/oJGaTYfQ2DVBXExlzuDSIxRvY=","4LCm3//hIoEsYpbFW4tem91C+Uw35LhllAamy4ySAm0=","fWxfskMQ5rXy9e7Bs9pda5iXCNTVIeBcMlVe2qlkBKI=","gQ05XhDFEYL2wCgDVN/9yv2PO9Gsqly+bLvoZHILXIk=","8HQoKqAv9sSpdTPzMz8TuJl39ueQNnXcliAjChKFj78=","reAs1A6CwjwlkgADdlT/tHCK2V3BAPK1fqkyZdPxKjk=","Q+ANxdbKkb2kWhssJ0WGB2mAEt75LwvGQlni1WYh83I=","u8nWBwiuYOCoMdTRVXTlC1Ozp7Ei8bnVQQ6aMGLLLGs=","JSu5qu/00FTznMak67J7fyqoIGrC63XPIm5GaEHt4m4=","nY454TO5Hvo/7TjggeJq3oSCiGiIORRxygQIoBammqQ=","z0SOSbFF73aaiZcCV/ddhJWfra0RpMMzzsOIqlOFi2U=","SUl0cQ9nLbJ6StuAgG7zsL3NLlLPs8do+DapaESfU7g=","+fpgke6GrHV5U6lAPaZXX9YnoUSN6TbtEaU9ZcXufuE=","qv/bpm8e0yvAlLo5O/7RgIIoe4UfFFqOh8xKBuM3XUc=","1rNnbEPDicMa79ZSiDOVf+OSs7I2W6XFeXFt0Bn/Ah0=","I37yBDmjv8YcDStmfSvKr73Lv99bJWO8ThAXMrysu1k=","IC29Pt/jNQteQ3AGMPHAYxyPG+N/fMopjBTIFuGFT1c=","yK03kCC44QaUZlTWLzF/npx2YJUj9qP4kUC2DXr+EXU=","VQYzUhf/Jv/4Si/iyjcpfOofNH0AAulWI0QUfLZpucI=","tuKGAmQ9UfhofYBoy3hxB7CmPSF6e8pprwssZIgqARk=","5tzt0umM+gq0trYSgPZQuYOzY1lGf/j3FO/w2lGOkcE=","JrVyYqhhjTBQtWeX6g+A+1qypurLT5DdOY5li1VfcMs=","u2DdAMBqW1a8P040LCV+suh0/hWxyFzpSMBSv6BJkgw=","puJVfkwH7Tv50PQaP0lgaYvLFJ04Cf0+CI1cB1M3djg=","cs+8bdt7U6MNY6OKbi6rskwu0czCYX84Gbhfn7vLc1Q=","j/6m/1tkaUQfpYVlWKzzAMPBYgto1hxjDoVDck8rWoE=","df5v9s8ouqQw1G/7IhmgCAoG3A2o+leqshF/+qKFRBo=","zhF8AslVg40g6zzsb3JZ0fgP4et0kUCSpcHjq1CXXow=","tFNHABedS1Zv5OhjYqfLs/nOTiWklsVPvVmJLwbzmZA=","n9YE2R0AFbWvxihBsU+Qxlrc5dW7Oxer31yeLpqh3pg=","KCQnf7aQiYWRG4F+IpcWwmbJlcDy5948CeVYiatAVHs=","GBqB4U6s0yEF14MFg9cpZPg03FZKq/ujeCFom2UQRWU=","MG424BvKkGfPmeEuilMiLbKSMozpbV9xG7l34scub4M=","JxJvIvGOme33TQBt5jOm21Oa8Q+OuLD6YYTXlIlKLpw=","d20m4aAPuJSARZdDliiR0Z7Vavd7pg5GtPx7TIA0lzw=","y/PsCx5+p4yxT6yW5kJYu75ceG7so5nfJG4cm0l1w48=","nggADeEK2crjlWCUdjLN4xX/Rt9SVqRI9yYmgaxSAW4=","++hM9MYch/5F35tfd6sSjkYUrurnvbVG2zeBR2KmtRI=","88CFiHSCzSJFYJ9wOwaPX7t9L/61xt0A9cZOWU4lpkc=","Q2m2Ea+8YEcD/nt+JemreIpHrk+ft8+arai/nmrPbBc=","cG9xfmfJRCd7X4daoqS+WE5UJKU/YYIYnPlVFFQ+VZ8=","FsopQ9r8ciU1ZAC80zDY78vq/+zlm0S1oNLtme06wkA=","3I7Sq38dNlv2M6C2Vw9CcnQaU/hOgNqM8l/pG14pymQ=","AF4huad8wHrk8zQtAMMnh7NcdzpniRasRo8QQMTmb9c=","l6hcGJiJOmfN6neuWZFsReISMjyoYgBBWrXe2XAHH9I=","1vuen1bEz0bojiOhbFDg2u8qUIcps6nJgKge4kuLlao=","KaSN+StEiYE6Sqjj5GQu/zmw4gdBril74ZaXKTqniTo=","50t77mciAJTdC/N2WXFdD4ewN+23VR3QebgIv7npkyA=","VLIl/Fo7gmjlPYn1yMHtPeZFms1D+4bnYLk0ICHekQ0=","ApWaZPHrf6B3ONhgdyAvbmDk/QWXprySjwn961FFN9M=","MxGajVawAlJM9al0XXOtRSm7efQNgBBLephYs278P58=","jQbzL5JLheNDg02wo66YC6oX5a23qsoSceAyzXR3EnQ=","sHckvte/2pe0w/wZJj5HJIOEn8ws1iYVvsFoWA9iu38=","OLrpTiAKaou90kncpeZjR5U1W8r1yfSZMaTLfgSlQiE=","fq4MtFvUOR50OPZaz70luZFNc8aKfbOGDoYYPB1sepM=","RsCm+BeYV3v2Oh7LTRD6T5SogTEyJQ5FZmqQ3Ty2kIg=","HwAXEZxKIoc0fneE0lQlYiL/B+2wLWKceQw/swybXLw=","FfnSLLLiN3r+K1ai1E/7A8z/aRc6t2hsOTqwHHAvzeI=","tQw0Ej62eitEwo3cWRD4yun34IvpfiQN1uQNqYXX930=","tB8duY7CcoNMYHUgixpSRJOP1NylhYgA1K8IceV8hp4=","+3x+Z2skUC2R0wTJIKSULLaJsZ7GifR/4W3WN99BcFQ=","BLZizxKKREbau4IEkfegEWb/twe9mOd31Glqs2UEd4w=","6iL3EOYps3XrLRMRG1lYuB4kvvJt4MTSZ+qnRsosgSA=","0DqmGN/VKkRQZXfVBg5hjKk16SrHVFC/xoX2+RcSKbc=","Hm1z2Z90v6nD/RfAhWEfwYk7+KJyf5FU7xZRhT8n7pc=","5OiexUPEpgyMi4VvL1vfEK5+NNLO7dtahns9HFLUKNI=","84HfAINQhwrQTqOAprm2DZDWbglm8+QYKfVry7rxIjo=","/FD4V6WkIJ8kahyLcFapLnjQy2B6KsRPSSK1jgDsEYw=","8AvbLYXLO6+iOJajMM2cYN2QcYd43dSxBDs+A7fOnak=","pLQFYl2FyDMcfpuGWOQ7c0UYCCzWFMJk0P7LCcHMAEY=","JIkClckvyboEWEjrWlWenglgh46FTE+7CoqjBaLNuD0=","q7Cw0ajpMagDgAo2/c0+HddhHlARn7v+fLAP7LxLKL8=","UJ/AEgttrRAUwMgOcveTTbpynkm2zzi9lp/rgtOoXGU=","71snHQehFTpcOh/vwZ5jvECYk1tNrWzraWfBIgTX4Ew=","NH/fyfWo5m7CNF1XGifvNDHJe28RDNx5lKyie6I8Bzk=","koPBmrOnxgVlseJgvHRvUqVd2kTUaIt8FSgEG3vr3Tc=","5rj0kxWjgdNWOz1eHAL3/cv23VFoK3UPq/A+mR5F9Yg=","5ZyQKkTHQqqivzxNjUuu1MlLo1mPFrvqobDUJe44abQ=","cnUIgDYqh+vE0jqVpGkBs2QWz6IOx+Dzqjq6KJ7UAHw=","LqktUiWFQRr12CtAA9hsaCR5Mpvn+GQ+tL1oNz/RM5A=","/1vZmIx0jgtE/7I9dWwZvkV/xqD5CeKI4wGU4ZAPHag=","f07IonxgBheB7q04pmb2yLpN9HV6HJ8eJ7mtBPgWwX8=","TnUojACdoZifnM9CYPGIHS13kevXXlV64lwXbMNzxo8=","AEeyTBOp1qajV2W9gY8e9BsU8izlO90nnQaoLyTT5Wk=","mx2geiagiO8W4n6+TpacP8OowsfrszBJ+NFn3IZf8nc=","i92ARXUEjRv8jaPNMKKippdbgCj633a8oUwjoOr2RjI=","WkxNi56Pw4GlWjhtTe9u0EEacaRg6QfitQ3kTPcC494=","UDPYf4Z0EBi5Zrmilfu02SoCmp9ruLoOESHSjbEXPh8=","IueXBx88FBYzYlTrtnW7XWXRd6oWDyrjpN2eqTx2wAQ=","KhaOcxwtliCJX2Ly0RTROuzrPVt2Gzhy92uUnXXdjjM=","zJ25Q9eM7Bn3BaJFnaBSIXlk4KyARvENr/UcJXCyfJI=","1GQ9liAAzk20f3sAtxdjIafBA+T98IFgFolQx4sP5OA=","09M2Mq5GA9+odbojhXkvgG1PXfFW71asLpTRHNehDLk=","3bYl8kaboaRXmlYNtBuFKw2ygD2JCDbC6iYkacre7Xw=","TpoI0OjIsfgjTUWnIMNax4jSOT0lGpW3zb8bGu5nPPs=","8NDO/fJJcs3CsGRDTJrVPhXJjX6iFyj4Ppfn+0u+T7k=","9BZgZ0xLuZWHtGnbjZpxDrYWybfiBzriQFt/ugntJtI=","J5BC9jIQPAVzWyM7ttMtX+qAX3C5ucoCesLjLDNiIX8=","FSoxu3l0XUJwcVqKXxD+SZwFFnRkL3CflUu+svdnAQE=","aU4rXSmBNTyGitz5DpUDxPcPeeIKS33eo8P2yTTSexA=","/mbW6aYNSIYzZ+xtfTmsl6XLkXktp1x1eC5jhx30UDI=","iLqrKdije97hvrgqC7o2CZ3JTol6FpPXvi4J06wCNyU=","GNbes9oEhcl3eazuZUPAKrZA91VSTrGEH5PFwIacqrU=","mA09eo3sWGvojpSdZsa21PyDH3K292JGj6H2autCwzM=","AMKvJApB61uVkI34lqaVISfbc/DOvA5IX9fqdUWExmI=","mSM8HmGU0ors9mazs3HSjJy3xgFmNVSXQboZNZ6Cn8Y=","2QOEzTlnkjD0jsIK/ob4TReSdghPP0Egac5aJ2so3oU=","xKKDw5Rn6U9eCp0I4QFMgP3VKPvRqJZD51kH1U+5gjQ=","2hcaM/LQmd4zbBIoVuN8VeDp4rO7unFEtV2OQ/XGggY=","KRaHSkRE1EajO199YIt+bcwA/bhrNQG0IiXEy8gXY7I=","nh3tzPsGOpV6vCu4qbzrVpx7XpwbHdrqwo5FoopGxK0=","Hu07SEYYn1MxCqLce95jUcrL7O3ksstyrvacrZ9q5hU=","tSwv321eDU8O71BsiFYr9uvr6a4TdwfeOetgRI5rLzE=","zsHSYiWNewRFwxF2J6HOdJihcEmlAii2NZ7c2DN+lBE=","WTcdo1ss5ukkC1PcHKXUJ6/3nbiMUnsebMC0r1f5uZE=","G+83mJ47hxDdYcJ+AxqVpoI6AkazdGG/zFQ8R/er7+k=","tNEV9PUhlkFPXfWn1d6BXW9vZTxP7M0wtG1O8ccN5lc=","LkqMNm+O62jA9FObidw0eq+KT6Cp/NCkGKx5TOUGfOk=","zC+qvI40W+ykXU9cSO/zx/O1JPv7PvwOQdmJHtjI+q8=","6IGssmDSedPK0/OEeyDdTolpJUV7/8qUy3mhiKxZrOw=","Jt5J9qDM82VHUdHa+9NnpW7FNX1YUHywfwOz/zfQWIY=","q41Wb9t5eTwC5KVZHCbJUAeFCY0lzef3DqkHF8A0ptg=","kPh5apqZgFCBrfiD6ZIOciF9off9tIUFU7dXsoqERfQ=","4YQ+itw4jO9YCUNtMYGK/sbghLIizYHSFEhG5mEzwnY=","FHhHkRHdfNVFVmKBPk6LL7vr1lTOFn7jGj4IQs3l15E=","MN8vtFc3rJA8YTRy28aRInk83qxltw0Me1LBM8J9MWg=","KhOo0brdAQ/YvOaxP8PGgY8LarqsKfdBFVAd9OD5wd8=","ZRoOGJQaDo/JwLtwvAPBk+WTiS1sEy1Eo+UjWJ9TFI4=","Rz9urkLfthMZtocv7bAXraJVEfBEj2jDG2G6sIhXGT0=","XdCng1RV8dhIXGWZkSSYqZsmqsfKJG8IWE+pjlBV/ZU=","8P9yvJrOT7X9Yk2+g3dzgO3Q5RX/AtyWh++mEPqsM24=","RkMYgMQYN1JNrT7ENgzYv7R+4JmwDCpa5pcBgabIgKs=","hJusY5rxh/VXnsBWJw1rNORwQ8CV4KORRl9y65Xs8zU=","sp2ijs/CbQXXH8gdtMFIz5HOLBGV+Gi3tFv7IJDnC7g=","28wgY4VbO+3QWIIN9sk0fqOdc/UKhH3kkdfBRz/WzEs=","JYADvTqtPhHQL6krJprCC80xnsO36gC7rV3wss2aLik=","UevOeHh3A3Ne9qXXrmLizQMwF3fZQ6UPyhg5hO2tZFM=","dZZjaTvIp6/OWYlbBy2KzvUQzSUtO9ByfBSt9OompuM=","tJqxSB/QGwIgTKMMe8aj75P2D8/CKXvdLVBBbD1Nz2I=","2HqlNMGWpDPR2QMuJLOeQNXb2hOR/LMmGo7TKjR0mu8=","9+qC7rdyiiCSyxcDN68q36fKNluSsCqqFO8aFjDQKmA=","F1ZPt7lT4bUN8lSEUrOho/HyNNBSnzMnmAp4iJC4QC4=","d/XZQODYyJYOTyrxB2M3Zeojk9KCMl9Usr4Yc/1pfcE=","l0mN/dOoak0Js4HWYIOJkeCQfgUr1vNRFImGNkPVe/g=","d5AMgo3zZQkYPzXBayHofxC79KYISEGbEJOzWGHaw38=","hfTV0i/8CeviKzvT4wQw5tNgvj+GFlTzvQdkinivJpM=","k0+keYeRV0UYHyQ1V1ALUIZgssiSeV89ofdS1U8uOsk=","UvJ4byvRuYb3TE3IpjgSobN7lWgx/8F+GTobZYNr5/Y=","9iE0VicUlO/EPbLtCd2lDauHcQgaWhusJ8GWqkZ4ksQ=","sMuV7UD1nMIi56ZinQbIGnpKJET3jI1qi/HtXmrQUck=","VRGG5Dn6zWFJouN0ZSCHnooa/MF584slXAe9n1j/65I=","DlrgEdrrFPPBAOwl+c3Ax69y38y21Og0nds9DLLxVGI=","wyaEkaGOlX1FFT1CFMbibjTMFjt+AyJFASFx2pmmZtA=","U3MtUuR0Sd2oXNU5RHXxMSzS4cSpYbCNmxElqV/PZzg=","biRCedKV3p648wXcl5Go1AlI1gQ49Q6TbkVK9RB+w6w=","3YEOAj1WQF5erAnNcI7+wJqMfs9MiZG4P77raWG+7gw=","AluOKxRhpPfq+4GzNY+ExZjD25iKnYrdC+lgLVToPBo=","cbQ8R+ccI1NaAn27/dgKotkz71moC8Ru+M5fBwMJF/E=","u2myF9zOWMnJzOnAKJqrevVHgNfUtKsJod8kqBJMOOw=","I01O4NweRW0EW6OAjgrMYwCN/c3hLcgu1QV3tkJ/6JM=","UhJ1gAAZV4uvruoffH/Oslpb5EX4z93acrzKuZLWc6c=","PuzPNw9W1z2HVlMPqwWTLk4k6Rn4zZ97S0a1SyKZmBo=","LVOA0jW4aZUom9NupSOtU+iZ+LfZ9n6jG/qFlByA3Ik=","RO5691r7+dvAuZxrQJ8rdOvhgkiex+LyK291nrWlvFg=","YscvKf21nF7GgfQu/ge5VUIncz5CaRE/UFaC1WQds5Q=","FB1VT7eH+DhShpGh8s65YboNNaPzs9+BETZHrErVHmk=","TPCuChdwo0Q+qa6UhP4jM1yyQipAg33pSn7G8I5NlQM=","cvLw+tEEDTiATg975dM2GJ6OSHDqTKPxIC7B/Rc0T+I=","wfDOZWGiqE2VcgxZLpzDyo3BvJczOccaPQ0XNj2kPlk=","s2ekth+BDdJArrRZ2GtlCP000v7dwGDuFqjdxQoPnN8=","a6yotn+jZu0HKOQZO8nekeLnvoBUcfPdrWkrCpCO010=","weQtMP1E933SOsbwPpNEzeGW2bRmInSuoCZXBwsD5/g=","G3zJpYijURsjcD6Vo6vHXTZMYuA6Fva2TJ3XJ96S7ls=","X6/HIgWacs9nH2TRjCWiVeeF0K8R1HZbygDiqlQezjQ=","+Hfw+ArCE0yuTQgvkBIBOMfICtAaNo5H2IobH0/9WuE=","sKiTUsqOCS3kjT7+OEvDZ5rLsO7dfrz1wbcgm0lo4xw=","iOYzx1R0d4UbFwzVoK9N+eUU+GNSw6mUVGJomZziwHI=","KuaAhdDti7mjY58VK+fMapu/t7onacBbSqnQIIgQkMo=","Ktqr8MXkh71KGF3GNiyYt1DixuuxnPJqG0sjML+IFKY=","oVAKLUOMIn8U633CLgg0DkE/RRjVy6ail6I2TbrdW1Q=","vY1oWPGaTtR9bPvXzbgPzx1u6IcEgXAGt9UXmaKqhDc=","QoDJKHft9RoPTJMeHDXnteM2m3RUTJZp37D/bXpaFzg=","Th9FjpMyJ8NheqAcRfWp9YnmkYAkYE+kMb1rQBZA5Pg=","Koy1bnt/s8We4r8mROqA9bh89ct+EVyzL8RjPs+u7XY=","sjVrTUy1WKzOuADArS8t5HfSYS+MeuM3dGj4GAQBpGw=","VSHN+zuwLoO8DgSvf35rHj9IzNSpyAcDL+0Oc1GmGcY=","MSnLaEjwVgNbfD7hwsTfB7h401TZfOO87hje3jqnNV4=","sTXCci9ywcL3skFkIIk9w/dwotkxx0xR3guR/bUMfc0=","0wmo7mZ3XLKS7MnoS3E+I9DVFQg9WF20BIV+ikpPhV8=","PfBhFsPFxuCb3bFvkGYbiVWF0MkSNjWQ3gz7IUoMsrA=","XfyFQ8Gpu74/8C1CadMsuaEiUseO8X8rasyMjizddAs=","DtMpYtGHVK+Ta45E5YrsHY2c/WdeTDrvgJbFhY34U/Q=","rQcCBEFnk5KKkOZcdEB+cQOn14ph1q1NeTwURWLBlpU=","L3kO7rneCrzxE7FINOblo3lEa8FHjfLAw/vawh8zoNY=","UwEFIW0qXzXmzcQ7Oy6I7DnEw7lD3bL+4H/fJgetmRs=","Ehqd5XeyhUa3A8W+gC4LFublcLjIPU/OwmdkAIHaygo=","jUr9wwz9FuFjMSm+ZCQ7WndsEU8QpCJNGwLrhKkjj9c=","VUQ/34VXKecPQ3I03v79BQwsN4PNaQ5dMEk3FutYdG0=","0Nw5NYnbkIWE8ITk1l5JlJQBU7sUNWyYuhJjBrPxWWw=","S8tlvBNBdqCKhwcZy6OJI/8YcVRLhJOYnqmfsDugN0k=","rtthASe74dGFBLUBDO40V5DLizgQxgvklrOX/JjYar0=","U5llwZzFTxUvIC1p8zWVDOskaogCKpuzQaxpQOyTBlU=","GRP8PyxDZPzuWxxW9WA1XtIS2nb0COxVgKepSnOg5O8=","rvPcSSPaumuWKTB6XZdj7dQ1/My/6JxKBuX/fxrFK0g=","J1FXdmxC8E+WHpdXYx3z2/IoxeRxFauvFsrWBewxd7c=","46pbdNOJGpu6B2hSRjgOBt6ND+Rec9BgDGErmuYgiJE=","830AVa8GpNmJSsI2bDjssz0ArOxNCk5f2rF4/Wg6Qo4=","8BUHxWAHMUGtDB57+HXwp9LzWDZRPjVsn//PY1TczxI=","P5J2CnW2yYCoOrysby547itxoho1ukR7GwAo2DT5/9o=","TkOFDUY6J9oOFUD/tMz8PqMbKcFO0C4BUMU6v7qt+QY=","r+wsnT1us3/kXPLoA4Zl7gj9TKzpYPuZok1NCM3LhGM=","4/0vTPcNprlWKjGpBcnqbk56k83qHuyeY7SUapVElzU=","6JTQGVGaJvUkcWLXJqMBLtHuffFSxDJBacONLJus/34=","j/Uwg6ZE5lKjxjseua58s12XfEZMSAy7jctdwedjPno=","/asbdFzt4KiXKlljgRZGkv3/zzFxDUO7so2rVshioIg=","JoshxmV4lbAch4PXN0WmIX2T4nsPNM4WGo6GBdFLyzc=","sB1rq+NKhXEz6v3zn/JYGRvJYfVxzwV65WMcYO53nnI=","CNCaMYOcK1BSyiwoikJOKUJE0a3NgCOQiktmhS4+BBk=","cMQhFvcRah54C+QunKXHLeXKIkSr8pTxwjOpgMfdtt0=","D4onb7NigXV0ud3XtGfOndjBkZhSuAR9A1LKp0CK9xc=","lo7NhBVL0NDN2gcOBPiJQ5bvMZnzLb742AKGHLofGnU=","Eu3d6kWpCktFrrRlSSYlRtEdYJQjfeltwTedBfpDHfw=","w1C5TqJ2nkjh6DUyZGvcdDRyMnD2J5LVZzd10I25+rA=","f/A6xf8bIJO/m3ZeDbPyAKgdM0lEh7pOu+Uy58AX914=","oJIE5Qm/WAVxjJvyoK/OGPDqyvLjYvu03WB5x53uFAA=","r8nmYbKeG+B+vlfmuYR6K7ZLGDiw/MwA+mnLdR9hh0U=","W7sMTYw7a6TcGhJEMDyTcupSrJWb/4lmrfyBE8LjJLQ=","SPjpA/bHXaI76pmky7XbM/lgRhPa7Dz0cP9qPl3qQwg=","Bdcr9Dmpnb+e9tCW3905z/fWxYlLTzIcPe4R/iLHgi8=","WdHgzMaasVMMhX69oxF2OTXCq/O5hvB5nnkQVZ3XfK0=","NuKaIxkaBuYoCID+aXSPNpom7oZE0aQhhyTiP4/DBVA=","axK7EugWt4oguwspy2ClA1OOeBmda9YUsAOLLpsu6iA=","GdKcbMITCdzxK5RHG1WOwF7fsHcGxcRKFZ+50deOgTU=","nDWUzwvv5oRbk+5Fru3J0xIf1+6Sqv5uYSRsudnaoG4=","3sd4UOBKs9F2KRDAWeixnYx8kHMhR2eUGuUX9OjxgUU=","JR+dmJ4bIrKvENd3P4KPBLjmy/0Z+3WCaASqKQib3/U=","v8BsxIT87LlqKOEemtizigMAqUTk6Y3+JDd41/ZoV2s=","AVw7o/MW0+amivKQHWezMjG+p4S0rZLxMRrLD/XkKP0=","ZOHZYkeoz/cVaEc+bfoGudqa2QTmSbdqUJUPBMxuEbE=","KXVcVYzgCTYtkn3F1ZbzdnOCfEWzLd0H7xk736gIuy0=","8l2zpM8B9tsdrq2xvGG2KIR9Feaqk9pI3v9ohihPM0w=","AR0QK9Qu8NPZNWAPFbLbzkxhRkgvZIGSKydBj43hnuY=","hdi9EKxWJVnmxcn6oMRzABZckZ/oeD36qT9t7uILNaY=","REEpqhdtP8+I8qbWcECHIFcogBmGfITRQI+mCGKsOao=","Ir9ncppC9/12qyG6pnAGjaTnI3tqshQgkxQJS4XKnZQ=","EW7VhrVVfYeQVjL4AfmQw7kjRyvSqf/1k9fxI642hS8=","ueXT7AmhR0/pShOZjQslCpBaotKWFj/bICpiGsw6tsE=","p3EqGPvgRD9nGsJnP+ihjmzkVGl2AYMJoMATfoelhG0=","JhijE/Ki2UPvxqlFnXPZ385sLdzZVx/pqo8qH8yHdhc=","1WbMT3mIR4oASAu8s1654dQzJ9UE6aAdavbJBkRW+RE=","5jBIeZfHUDDrmkGyLn0dow4udm9ZvLL98FimhhVqOYE=","8CCyKyjulq2OdaX4xzTVs/gfNeFcvMGmkLnG3HtSKZQ=","XZxrm1vYoulR1wDSrgpF9BwJ88UbRhq/lBFf325gVg8=","PSnSbFX9eYNQY8qgs9R/O6VIZra9SFFUOnHIHtVLA64=","OtsVUVh1RsjXZBj0XhmT7VJt4or/6nFIQytYDeM4Wpk=","S3LA+AlZbEf4B4Y/sA5LkOf9SAG4uVh+oN+wRgwZhA4=","cVEyoD96b7QwNrBUIayZGzNlN8AlMp+N9YNG1A7iJpk=","WhPBH8tpdtOFyOJeklwpaXKBMNhunUVcVCV0jfbSjek=","2rOQgzCvWH9hWEEWDuw2FTEYApg8O6D8kjfVrVuDoY0=","1BOLMbHltf2IZNRjD2MSnEkC3FL4fIQxl6nNQkDaH1o=","lxtQG6klJUKXbtUi/1387dAOtGHjTA6/Wdw1yH+f1yw=","EOs/QeXYvI/XzsF1i8GBfq1evgfYyQTMouIrU1mgFiA=","NO4mhvtd6i56BOeKJUrItilW5A+8wvTQwoAkBV1AZvs=","uq97d99jI83JOlnuaWeXmJ1kBv463DwwdV3mB68YVHQ=","8SSaB/66tMvPhqdEmOkwxVrgT/2C/O9PZH+sNOPHAc8=","85ErGdqm8+dj49nd5p5gBW3pDuGdyjeRleOLaU2lNok=","SdQbne4yMKHt3QTbsUF1ugyaLKGHoEhdlNrpCcfqMQM=","NJelfVYdRuOEa8lv7okLJR0/A8vCVY2DjzPrp14Qvao=","vm8WcwujN7+n3Xuyo+TJMubivdYgO8VK45TUrcy3hLY=","vzx3Wr0nHFDHr+gKv38k0fWLr4x1/b+xSxVxweWeyd8=","NMFPse8cDKL0Mn6JCh0gH9q7j6EAeaTXDIeI5FnCSv4=","iBAPsc5ZzNE3oOOO7HlYr23Jv5sJqWvDW1ubAcLBRGs=","9he+xvOTF7Pa/tRatfx+dpgc3Q3YhbcNIbK3QOXyf68=","Kdob9+0HGwmJwHdyJM7nKP+LC8FiM/5cifyLPUWCL4g=","cdxMxFQFWsTmGJSLvPRPUByqixhO6xKohNdEZY4u4Xg=","cHmIMcmkuIamVLVRiyN9hfkVdnbYqUIdqC+tCqT2Q/c=","rXpp9JyjXWfpY18J+Fr46jvwfi8wynufPCOSZK9HsHU=","X0nP5V8kTjQcp/uiYUcotwQxfey0tAaHIeSHq5dwx04=","2Uvwn+T8WGJWqNzcQefh4ssnn3UIlozfG6oukykSCG8=","mKMFT7bhrwVzRDILXJEWi+PfGLX2oiPz31c1YqPb4Eo=","Z5NBbT/BE1M4CIMvWCo1V9Dsxb/EOR7iRbL8+18fcmc=","GG1DWGJv5Wj7z2h37fr/45XBC8nkL0XCfghzfkIiFkw=","RUpt8WmpmMKiXZ7ROXqpVmmFYtVc1uUYhjpsfvPVmPc=","LGVQaNBnB35AzCZ9IffSSw4ZYtEOVKJl+o/yi2UFXwU=","euF6av1Kp5iOL0lguR5YCmM6okcGN01wPW9AC/bldCY=","rmRx8QojafQ+AQOVYzkwfYKW3Ld1g8+FcGHjevWK9q4=","UrRxcusFg7mzr5kv8tofKUQmqMAtcFbD4xEgMImDQbI=","5SKva+/5kGI62i/bz9PuedqqMPzl/TKIHABzM0TFHag=","6NrVXFEN8nd/6obZ4pQa3l6FAYEy8XmsAUnKfEuq6Lc=","Lw/ViNx8zoe2nTN0WOen+MDpNyDL4S1ofQ3dXNbxd/c=","pw8CjaQVI/j5clGyu9ZN8pYxXrk220SIomauAKwdrkU=","maYNX7SXJt4F1OTck6QYnQNb02afCxLXtU9i0Pi3nCo=","BsOr6H+bzDCKvTuWJnoI3vQ8rQJi3or97rUlVcnxWR0=","NEefJJy1B+ERUQNeS+husPxZ2XNXXXQT8lb7yxCgvFo=","YUUkKG5Fe17mXW6v0wFj7kcOzJn0ENuR8YjifvDC4Mo=","NGPKMMrCtf8odexRELItEI39PWeQwLeNMDnyF/vmasI=","kDLas5gNtNMV3yYlmUt0Y0wKrN24drmwDVtW+GW2P+c=","1Xa0YF2hWADSZZ+qbMacMTncmNBib9hcjQqENlzv7zw=","I9SN6pXtF3KQN547j1rxu81I/a6UEfgYIC83dCup/o4=","yZydPkzxAKxXelFqIZPfaB/LZGQvcXLhKaUoa76QJMo=","su4wGtf5hSnkJSk5fMTq8c+7aLPGi7KtBrr/Cg6nGr4=","6MkpYTNpKmEh/9OYJw5/RB7HNKj1qkJW9QewZJRpbYY=","Tb/Jqm4ulk8vyCDHfErjH/9Ts0L/MIq95+0TWdjAO7c=","jWqj1FwckcgJ2m2OlgPd3MsiAMHgyIeYTcC/RZ4LM3Y=","lHWsnPhUD4imwmJuEjvCOSwrrDsiD3+/Tuijwe+UgJk=","ncnfxy1XaA1JLT34PEh5JNOBJHzo9SSjGA9/pO1eUd0=","nMeK6ihOST7wcTTLOJom1CHKPaF1/1K8FPEE8rIR0lc=","ogj0PuBvIq1B+MTAGUwmnh4iLAd6HP3U/z/2oLSzjrc=","8JCAhH7tpbTDmJp1im9clfrYp/P0u0ycQAnEuaJ9Qg0=","wuU8O2uD0u16ZDfQEGK7Tsw7S/Q1e47Tb9IgZeL02bE=","QwfrJ8Z42eLQjAlOn4J5Mw4s+bruGedL5+3q3wgyDBg=","OBS6GbvAPKs9Hb77emEoyzc0x69K1e6gVeCg7yWAujc=","1mPWTDrLWY9tdjFFz2XZKPo0DMmak1NPTjCOJnV/UFk=","e5EtwUU+3Dnp7vxq0nahwnZLLMaKnGTzWo4XWjO/9wE=","OS1rZCvpQbzlFvvmcipRyBTpUz/ZPekylfiAhq/RET8=","g83jJhgE6fkJRfVY0PNzIVAim8lalvYVAgAPCdmMEgk=","72PhKJLCNsaI6wMBf6RP2s7/9jShsoJ3bgp4tWn8t48=","efSEgqm4KSEoJzXiIAtOBAMhRB1XU6aPq2+AlngRZJQ=","IRKGu5XwBJaTrS6aM9dvyzANbUfs7ACC8+bRpqHef5I=","05NPSNJHBnmCm+X01YZB4AEH2/fvdaPrXqRzmLheYmM=","a1EGOO2qx77yeW3snpRSlQ/o5t48X7ki1cZWlUhsZdA=","ot9+vh3ZR1EPfP1h2oxzAWWpDuHfTQPN+CmbJbeKMso=","wJQX/y2//zAt+7J//t8hK2u7qpMvoBmL+QXj9mdQXoI=","xoEtifOTrI1qJQsriM/y074J7HPm72QrQK6u8gxgL3U=","gxzHwkkFL6DvVZCHLjI5T3I9DkyvLS3fSQjvpIPIUrs=","hTYr/t/om5Ey51Z191svqe9igbmqMKyHt2hGW+K66Vs=","I670pvboka6mJ99+qES4Dkw/O38yBbza+dMPKHCdTsI=","xOuRkISTzqV+yHMP/vffK4tiEKHm0uOSwnX0ADKje/0=","On0C/EfaJA0kHgjfShlU/8UP4PjFcQ9CsfTO89cwSDQ=","QbizTzT/DNb+v2VOj4sCX3zagfaGwyaSdbnpVfBgwmU=","jY+O1uBdiTaIKA2GsQgQSK11czhMFwLgS1bS/802/7o=","HxXyRMQyyUhZuWsswNg36Y5ZmEqDzO8q2NAGlGuXjBo=","ddaQT7YON3j36gOvoH5qQjEG8paQyDJrKL2yAMvUkMI=","ycMuAlsNg2L6T/sEocx0IslBHehPM1poTbA8qPHXwRE=","j4fqhj74TtSu4FY1ft4uofeUIlDMPb0Ofh2VYPK/0I4="],"block_size":4096,"path":"build/main.js.map"},{"block_hashes":["BWiktzoflDUl0zCKK52wP+w5xKkJCRgFCh6cLFd/pVM=","pLH4zuORT5PqgMFYhgkg5rEhKG8ZYHkdHtNRGJWHkZk="],"block_size":4096,"path":"build/panel.js"},{"block_hashes":["Tds6lmKetqGDugZrflQsrcC+m6upxn4r7b+JSyetbcY=","ZyJaA8iEXgoEb5GCuuP2MPAmkLq3Fjd/Cf3gaTxFtJQ="],"block_size":4096,"path":"build/panel.js.map"},{"block_hashes":["LJaoBsNwd18+SPXqd7O5MzoqApWN64y0OwLONW6KHE8=","5hvx510S1nlOwolhYx8cM8gDu4akSZbgAo9lMO0YF5Q=","lMMEWzDUn1qVR0Huz5nr6mlZetrCHSWB0p20KgrDFgk=","6M216o0Qec2AR2bMNxxU5oIdTz7HS3BNQFBb4DQKsp0=","H7bxvL+eSmIdAV5Q4lZMcb5cgKbxvuO/Bkz3rBGF5b4=","Ly/sxyl1G99m1PlYATTz0MIe8IGm7oxhkwwJhIeqw6U=","i7G/vhUPCqZZRJfQKx0sMwrQbgcHJOLR8T3Kh2Vfxjs=","TEpDopOtosK1qYmrrMeBovNYSyIP+n6P/2qNeL7YP2E=","rXZpqjhsxHXnLctiuiw/YmFkAvEkBhnTzObmWGy7Tg0=","2qhLxFgSd2JUkZAbrpk28yHydgF1LsQX2b3W9eyZqp4=","CBjDEEUtCr9KDmeKpwJYxvTOA+zou2MuyYfVhnMsr9g=","kJj9nQqLrEN9Q2vAaEMNXe4o5VKbURgaYZv4APq8o4c=","tSwSYogNOEgTvYWwH9x21/tLoQJUUpZPzTpkiznJRwo=","hICkNrY6u2ofFk5p6C2shcsLBz1awpXYFJj/AB1cAFQ=","kQ0phOTPvfS5gtwXqPL7b9MXmQg3Ce0muQfhMv8NVY0=","/dN7KNil3wpxO9fHVu13qy/6ZkL/6JiY3XsVG/a4QLs=","7aAHRmZRdEVkmcX4E8Ci4usNbXEDsfTLgqpu9GfNJlc=","JKxZkbwp90vuStNgKys5XTp622cjwflubFszGEw5nAM=","FyOFpxPguFNUnFQmhDVo+CRuFxIxiRUVS+5jQ69IufI=","7JaI7NAL3qj03uSKqeq+jPwAHdWadg8gepvktcSVLOE=","GpTZZ2vZoMNxRJqAzLImr7uKSKv5HGstnk7ZymyMRt4=","FWH4EUYgL4RXEt4RiFwgCR8cILHPrESfro3xhjnRDrk=","+j/auowlyaLKJoKJ+ybTteJ0if1MGQQ2UPzpniqAnoE=","rI3hQokUFLnYPmB39zcIglLZNOZ+i9c2fmQzOboNUnc=","4kYnAQVs4zLsAfeHXMIEO03nsCaNI2tVCq38/rC/Q8I=","bJ3DxK2FTzlF+b2SxTm9vbJfiT+xlVf+LvtzDcl1yys=","9ACwzHx8AW5efRxe09H3LGjy3dhylQBwate9l40spGg=","TPRDGII34/JY/YtPEIbdq79qqjP/lcB8NhFpGAZLnks=","pqeZYI4xh/QkGEXLepUHyV5D7sm+zmI5Sz+RwEaXKHw=","2GfnjqZORonil+ANkNFeytCep0pyj5blyWGCIwi7q+0=","T1+JlqlljuNbJ019JoHRxaNCVvOTXbtQhYzG4AzYpkQ=","QYi4iUVNJTt8DR3V/kcrhQbkVbfSRTE2/GjLIFpeA5Y=","TCuMKPUmlhBQVVVWOYU/0K3h2ai+1F+/nl4VN19rHak=","/dyNp85PvIisEHJvs7ZYcjRNH7rpLpgfom4CibtC+9o=","GLwq1gJVj7FQ6sI0CCJaXR4+LwnO92EUGxgwlY/Agyk=","R17gHNvjV2Dxb9sWG4vCx04KQyl2h0PQK7DoE6eeqCg=","77qAYFJcxzoZ4ZQl13rdX0wHSG1SFqf8ebLLbJwxSrs=","zL9VwehnF0ynKiDDCEtUxgfea8JJuzn49k5Z3/jBlwU=","yg6z8QMdr+CqK+72g2dVE4Bs0nqEgLUFikH4Phs6tM0=","ZqCA8diB4e2Rrh2sLnixnJzeVXr2rWrssKgXsIH7LI0=","OtQF8SvGSeoEQASy2PudIo2QjRKOVpfSEh8jrI3/GRs=","h3XDKxmje43hRqrncINrJ6yQMBZ1p2rPbT7g6JNyBx8=","1NHp6JI/K2tm0EoaB5zLWZ0tMN4sP10PZbopibAlANA=","QGdNgJgVmWY5jgV+NiK4niE57qTkXDZwU/kT3eBxdw8=","5hP+QiTDBUqtvnsiXvWXovNG1FRxAi2fpDtQX+p/D1s=","Nb5hqcmuU5DbaLVgQuknpQgiWvQjWYt9cV5iDuhh0ZQ=","thy08ye7Oub17x07MvweZnuuv4pWhYXz+EMay5jsUIU=","7T7usBEpYCn3XaXB5lT4LmiDywLquSYA0zI2tI+oxRo=","rrOu6dT/X4nRU+t6vHZE7t+il1WwNJScFqKUVU75+ME=","QVBdoMm4yVq05GiPFa9Vudp20XBM0qoDNmjwavMwIA8=","zMHazEGC4GbN8tQlkuAWAEzp7m+jwMSBo/dWr79jtNk=","GU/R4LaUnThOeLariEpo6FaQOswzz5Pc+Oxy8o7WYDw=","fdEOSj0KKBB2JgeO5HpFJXuIjOx/Z6fC0ayog/l8E5s=","y2hHaOWuL1+pQaZdbKdvq/GNl1Qg15ICguZEItPbMCw=","IT2j7jnviyWU/iSBSB7YUxDIHnqEdg3dHgwakTVFEGY=","W3nosWSF0Qs9w2ZhNmjq9itkPjq0KBfwlDUrRvb1vqQ=","YHAdm/GTs1Q1eYEUrXP0HRL2qRGXgTMi9NXLv1gYF8U=","nkUlE8fFTjDVyKA0WSsHVq2zcPGzNdiOmTYTmeoXMTk=","qsDJLDJIy3cNhY7tI6ts12MaL8zlMHqPvtFLYszQ7ts=","EiJeACsAxUPHul0CbUD4fkQNrE0Q2YnXumADkr4x3kI=","IKe9PCP/TejMU6NEJ/cmRnLOCXLQ5BCVrRQCbMPKQ0E=","zRMtRU5ZYp0QKSx0yMlQF2otardH47aJEvNLRxQpPaY=","cd9b5xTOW22/UOHk7uzd20KlewinfJ4IKx8IisZfWBo=","kCUnIsBSj5/LPzjKQ85gYQVLsc+vrqWQyPntXORWjqY=","jIGO9sK7FlkqOTkJHAtgXnvLQOOJoFD11u4/ofGJx4s=","HLQl+TJTNmRBNyhujKxkQnfRhfPo81jw6pL0nOoki3c=","jTjSp2s6FzWMjg4lEylitBu5Paj2W3NrsV7/Elz8PxY=","9JoJa/C5wgDEuDfiasW1oSv+lvs543I9dJh5OtPOi2E=","XCm4vwgdpij+7UUhCimRsAlXWJJfVRxa8+Rt90/z8c8=","93jj0xlGbGYHodh9Tysusl0lBKOqd7TiJ8iueg5Sbpg=","99sMGkXtQKaSbHs+v+uXVxM6qO3JxI177mdcIgbYgJQ=","0vbcVmJ1bBJ5FvyumRiA6/Mw9e06jlRWPiVaf9nmFkE=","9mz4fvoBNhqjA5yK0suCLQ0ewUSLFr+Y+XdT80tZhbo=","jv1LjE4KBOqtN6vbnUfOLPWrXanbOCj9Pn1ZAh7GAcI=","WzqP8FD34h9Ha/HnQ0Q4AlKRLdfA7Dl6Ipya4iy5oUQ=","1lkXlgO4u/d0NMABxlkbCDm2kvFFWvV+dbjj1931MHE=","RCO57/pnQ8sph1SMZJeAJxRdEsbCsFf4JTEt0jbXtHM=","Yp2wOnjmO6aCgGgVTxAJm/UticS3Q1xvAt94wGrP3KI=","+R8rwCsfRRNbRGTaDrYl6LgTcIqGmQ3SBMAZ+eCJLGE=","BBpUeugJcWWxmpD4P5Okayy4zEaMltOX7vfArD2LeWc=","MXccMElmduIc6tVu5KvbuEM2glbXaf84ZsL0hllQW5Q=","gq/Y2/UYuGdIOpAmdENqXa/0O0QTr4cDC5ecnKhKSeM=","XzA2lRbavcN47u0X5EeWFpJp0Tkm0xbGNaV8ze1ZK00=","EAUBvXEdJ4RNAscDixPn7xkoKqa8Nl73OpaA7C8uuuw=","psmxvHiUNoxiey0SVwAeR984j/CJUOerrwciWuudBDI=","i0fv0gQjRX9Ezeg6CCxa62eXIYTpeioSCR8c+9S87RU=","8HoWWjKyRRGqJMHniZdW5MVcbH58NiHOPmvZDMvHcf8=","UeW/7fft/R63hvsCxUfZdayhMzykGCHXeTbU0epCRHE=","BqFuqO3Yk2eiORAMqelKQGi/D9EjbGKws8amqKYzfUI=","0KzLVmyLR8/W2G2OJXwxaPcUrfYOnxQSMTSQ8jlziRQ=","7O0c3QlAYz44nbHhv8b56DBZaGc46ia7r3hfnpYqaY4=","ZkUTzXW/tLLDxInPCropKULFdqxHGUVqPLDcVhsS4Xw=","zW61cx6c392QKqTmmDEHQaSCPRPl7yHeveqSmlc6HLQ=","pTZCbtyj5JWzjGxXX5u+ojK3e35W/lH36tDw8afCIiU=","G/cdt0IHjWvPIIP29OMsfzim9d9DOjAYb9p3VVIGGfw=","0TkFj1q1OGp/JzNrkDr0CB0Xv688rsajXIu0Kgbfkho=","AGWpO9xr3hyUOKuTz+IRbZeWbakS+GtfxhENYtYSED0=","2kFhQvKGJ8wAXBpM6mcIbMvvN+IMUAp7PAP86M7tHkY=","GFfIVK21WdPMYEllqZeCmHyLy2ctqc0fHenKE6vrqI8=","5ppKChZkX2J6AHfX61Xcoy/Yt9/SSz35GstBun0KDBE=","t0Rt27sgN6Vi2EMzcDaFDWwZggibFuy8MshFx4CG1kE=","M41Eg+u8OXNkh8QCgsvaB2m0IUf4goCosvsvvD4MB9M=","gh+xBa2qZvuEo1pVfOJdFtGwOW7wD/P8OWPvO6LedSY=","kIeWH68QcvMTxLtauhuIZJCONLQ0svLDdeiHT1nzSLQ=","ybYaVtsgOhudgV7hjp/9niuBAx0+YC73XACVAtnBxlA=","Loa6ugrGtKaxEjx5vkmA+8T7Gj99yTnOLvZS0Qq723s=","9/BhEeVEyugADbN+YHTnBJq37ogQl5A/PCAczoKuUqY=","7BMk8Nw6jIuZ3iwizbvMp4801N8mdgqbdiTpNcUGt2E=","vY1m/kHmUuYxsguINFHnAEBKXXjXSUEZNm+qvr0iqr4=","MQCcsV8Vunide6L2UGAEaysA3iC+E6gqsSxbZUZt0EM="],"block_size":4096,"path":"build/react_devtools_backend.js"},{"block_hashes":["ueEo7eMFEU4NzBMCJnwgNaV+Aklq4mYL/DN6B7U9OMc=","mpq5HvG3HoLIAVXp+xzwraEXXPuS/0ZVaH7mFuXF4to=","6UpcCnwksLeSSRyPzh6o+S5eBf/f67SfOOYZDpAFazw=","KIww0WjCBvF67sOUKePuhkCOtqYSUqcGVZAzrfTS8c8=","iWh1fHlqcbWrpzmz0G0iI3W7w3vm8Sxzg9QAlrYKcAU=","iLrdmfEPCt0DCYGKHx1P44wtlh9RMHwRG/MO+82tpZ4=","9f2pyjDoznU2MNJiTmucsH2iGSpvazPk75zKQUknVxI=","afRiuckXIUk7A92x3vKrD7XgCHlU8CEVNq+ejZwNmhc=","Ful7CavWH6spc/8av6b7ursy/AII6u7fp9sxkLfD+Hk=","PK+9wJVV8NvNKGgIvh9OYmPiPqjvYrxYX//ZzQqLpWI=","ILrfThhBPpS2P0aoukBZFeBB7aHt9SwfXuvieWHzWT4=","UWuymegjIXzGBq8gkdqiZOURqNhQoRg+zDDeMtPbuds=","Tzrgy7lfD9enkGR8vxmsLxAu0kmrUN+bWHM0I1Bdc20=","haYnqw/29olTh9nHJ+3VBzcd46R7S+5BIUZDtslXr84=","uTddOWGHWdLOzbprSDSRLRsXTef5KWnRJJQJQwajQmk=","u6IuA11qrZEJxzaLzoIiLbkM0cCrtZRezpfXlQAQsmA=","StWyPEhOY9VOrlRNpC2Zww3ZYoli6f/t7ML12nhxIAA=","JqbLov4QYA/F/10RqxhJnzUSE1dzZNZATq0raefhPLg=","6ZtUZDIy9eQoGOgpBZ8YCe1pW/xON6Ksfu/pEdVhJNI=","OZYwlbsGEnwW4jes6CEehKeRUYpGmbQBH29qPJhqSCU=","dF+8oGquXUZvQSYDuRYNvnOtmtx/MOuBC9Doi56RLaQ=","pKENqS52jkrPfxB+c7yJtgE9NZB1RLZ+/UUibeNlQcY=","kD1U9cf10jlTBVTXhy5frBe4GsE/4/vju/+rcgmJ9AM=","rF8qBpGx0z9XwbAuTxg/LmZjNisg+GXOhB3ndyJNsWg=","9W12jM1ZbASVAoD6o3zJ3kK3rUwSb1BigfJS/D8WsOI=","61UkGnQGho2Hu1NhxjsrnQf5MGIDsOZh4PueO0iVKHo=","3GOPEQggxqmwL+Xd+umoUblqY1rdkQOfDItVMgsshZM=","bh3YTiuUDQG4RF+9o3ezJhAnamk84hvAtAt1tF3EGNc=","6cZrFcHGsAw9nfU7YHcJC3As1Ed6PohYQEBv7nwiETg=","YS3o9Dff4ndDTtGL8dWDCKL+s9//t2rx8CERbFaXDMY=","UnmWBjdA6Yh6/EsHGCHcsB9t1Kn9XhK2g4alb2fxSJY=","C/G4BtOANEzcA/8D+RaB/KTpmGat3EvYWVEp9p3peHE=","yuNJuaxXKvaoJtH5E0SXzKtyN4GvyCZXG1zOpyeY/cc=","BJ8KKa07nUNWM28xojXmJbbsAq2vs90p8aMpBd/4SfM=","XL21ZxoGOJX0NJUSNsIXnBb7Tq5NNi7Z3mctHJfxEOw=","EB/YnWNqXSpkxf0OWXH8WaDZckOPzneux+1EQem7Wgs=","UBa0VyOBW1sbNu5jQ7lIGvq/6Dt8a5HJCTGcltzV04c=","M2SdB3RFLcvdmJOo9HjEhm3MzuuhTRHuIbRkwEkqvFw=","1VpWfPBD/OAVp0WjWSieHyCVnNyKNKGTGyw/loxFX0A=","4KaUvit8TWfVxsGDGKGXWgAIie2nSTUkzxhN2OZrubc=","NHN1diFY1xoTeNeMa7GTdyvSXvE59Gu1f9CWHcK+XH4=","1qxr8tuCNb8ncsE9gTgv8LkahpK2ScF8sIoi3ctSvvk=","PQ+B9vvOmTi0rydkNEbQcT9Jou05iK5XNggk7MazFRY=","B6pnBMuwAFXrgDgq9n6p0N46ovToJAPVcq42Z7U1i4A=","YkTLiHXJDdiYxBv4YtkXqxIGUbMM0zSwopt4fz6HbGg=","OU8uT5kohfmarhsb4bTVdB1oeqa+OKToJc4vrN1t5oI=","dvGCcWGLXeWfvH6/6uScwktSecta+CH3SkXtfOccWgU=","R0zoYKpqvQzIAVD2grGEeArZqlHT9+7HMBJyijvsz2Y=","zC+dQF+i8n/w3trnZI9VF/ws0/arc6wD63AtHb0leoQ=","E1SCYsX7+uBBpvJ3zQpnklruU+lGsTBd1uh2sjmY5PQ=","JRy9nUSukVmkSbObqoRZzsMN8ft0oawEl/zoTWF9yiQ=","caxtXWPo9QfW9z/lZlDOLb+vG4D7AiP6TdjxBX7gVZE=","RyaCPrU4A4jGoIYfmRYo2uf63mrmfDVcSiB56BfXyFU=","DCI6ekhDLYYdNqdBFQhBvH1zCQfuxv5kMcld7o2LiC4=","FRXJHevhpQdS5q4aVt4T+uYpQGEEhLynGRqa7/T8cXA=","XpoGEuXcfYCxtoz0A/+02a6Qk9IdXEyPCHExjjbeP84=","zWB2pGa8dayG3fycR8LBRAgcKQKFjO2nhWIho1NJiA8=","m9RC1qGpnV2TEQTyGJMfwF/ZQTCufO582kl3VNzCYSY=","lNqBRITZok8PrIMOsCtY66c1wm2otN4B0rQW0dCEEgg=","5K+phBsbp2bE6l4io2+mgbHOcoUQE3jUUlhocKhvJlU=","Au2XueWzPw9AJK6RJRTDQY24DcDzrS3vw4F1n9fn9VE=","49h9X/FqcTUsEhNewwWSwYsLfZ8lLK41x3j5JlpsKhw=","DHnm4n/6Z2IkA3nmjXkewuHiJNojUuY1ZWsiNJWX2lE=","EFaP94WA8Nd6sk4/2hEkzIUeNQx7y3PPaC9hV/jfTXs=","pdjiyTklbDT2Ojbiw3j9zeU9PqkrFHwgCu/ufN+6euM=","OGs2zy+zmzhJRGCS2csUhqhGlRijX+jNY6XHW+z7PFI=","fjifUmESRM+FgPILDjcYEEMLY9XIwn9qupUQD4sBRU4=","IqAgBn0lKwDcz7Nd+zmMt0fRpaXIDCe9usbUQABS/+I=","BaNyXTpuFV3hKyJ1ecvdDa6NbHxWGhmwKoIcSucABLs=","FGK70lapAPAprCpf2Lp4SgVQttt8N3xL2miuOqIPh4A=","7iHzSHvcqc7j842dy/mOesJcFciOP962v8DTzohu9RE=","1T8k1+qU/Wt9FZBF9SEGdOqQ+u+FrhU9Zt8Cq/zYqkQ=","k8beamSgiTAuHymDZHEEcOLb04uzsEj/L9OUaCgYRyc=","Ct+r4Ad+zP33BK9BL+kMvOGw4kUhr6BXxjORMttvxtw=","Z1FwAGJMBdxNLKPbGc5NLevGapsD2h2+dArWHbBSYlc=","tn5w/6KygAPjqBgu5LRPWfKufC9e6Xvxc0UH1gJqYNs=","uFMu6OMhIeT0zL9KXLQD1piHCoe2AgXwxP2yZ5t1CLE=","ZYBSRDRCMWJM0/YcSFg5lDzgAtPydMv9pD1u6FlA8yE=","yITeVYoxJQgtRr1WrsjWYFpO9XhmmHHDAoVVT/byZiU=","JohY8bi5V7WRK5t6wJFA9GY58qrMjTYCMn3m+otO8w0=","yIiLfHXS9enpGbH9h+tKjia3Z+zvAuuyNgB/4bc+e/g=","oNcSHwMloeMwi0HER8U3nKdY5Eaz5sFSfUwIbmdk/AE=","aAtjRuBRwaBboImI5NKYZil6b2Wvozb+VjMvVDtY/hc=","Y2R0Qo8SkbTRfiIlJPkqfpcQgZ+CTEJRaZahFRb5sBA=","E6Jq+b+wdcol5y4/Ap9nltiqCbZBN89pcU2UxsLuv9A=","zw4tY1FHMEk+2Llm6aQvWaoKp89fM6twUxa3CNjBBzg=","tYYRfBeLux5+gwIZq5FC9o2QRN0aikLG5SU0+8OD/tU=","sy69zu9yGZ8rG6UupVOjwMW4oSg6j8s2y0xWXqvsjtI=","bAPT/S0LLQtB3frII/ovIzniWzX0A34GQvjCIzx14eo=","u6nx0WpqWkL0YzaNAaIhzE1lPp0il+k9NCFQdYA9jeU=","y6WF84dbH3e5Kk9nYQ+dqbanyGrdCpYMRvMbiz2w9V8=","J5kXVYH7LaqPlaCArQ5DEEBxRfqjY6g49C48/2F4c3o=","IGzZmsz8dBAu6VUYIb63RyrlF/Bk2ZhhZsnAEwRpY9Q=","sn5S601eeYXBbiDNm0f01dJneDlqacqxg+wqWA7OoUA=","r9v6fAptWgCelDALd02+8KqKkt7VbBr6gvad9BkHMBE=","OF+aBHe6AaE36TUvEdOKf879FFjnjpURiXN4fmr4W6c=","RdKckagexdSXc7IZvcmXCcYw1D3xrQwzRQwFe6s27PI=","5M2dllVKGMXN52MxfkecNSkVD4YZK6Jcw4p48lkGXmw=","lO8I0hKlcUyV/rBS27gdCmzyT41VMxAbNTDRAtsLoOs=","4hs6jF60KWgvRgYu7YmbHZTafrRdxFOXJLab3g5f0UQ=","v7vUVCHN2F+3VbN9odJZ9IxnNjl0dyj9A3p46ryQSDc=","VqiT5+IldDMw3k2EncQ1EJXjWn/0jAlMHtkLyX4H+7s=","PZFX0IWStST6IeEl0yjhSqAsX8DEqNxez/FYbeXUssI=","jpEDmkXiUoTClKEdz162Wev605F63b3k/c4gsutWOzM=","vRd5G9rWKU2uJPiEx5FIIX8fWYZP0Gtf59fMfy4DVws=","jrCa/UjmOMOiOWdkxiGj/TGy944O/QHBjOP627U9qHs=","ai7VHg8dCBYll7yTQyJHYAacQNyu+nC8PQywNFYG9VM=","gtRyGzVoGFFsgw15eA+er2mJZoQpZS3ubNN851Tb4qg=","Cxf4sf5zQC8d3XfL+GzkwA5GzhvcGx/3t3aeiBjzegU=","A8nCYUj8BH24oXh6HisKR2e19MSF/pk24up6EXRvwPo=","PSavk9ChMi521E7aYYpruRQCzeehmVC9jz6Wx+HucM0=","CrrBK6ivc1w9eye6WSMc0tKUNAz9aRJM3Rd9cPxzbHQ=","ycqRYyD2O6vxtvz2jD52Cm+N9/sYKqoJzLdirONm+U4=","+va+gXh+odP3DM7BKPp4lJhpaNPfRGnKBXkUuITg2z0=","35s3k+YvznuxFU0+pHqCrrEL7qIBTOREcdf8PuozrM4=","OcZiwEc5YI7OY8WXJ1rXJJ/VbwnKhHS795z33px0u08=","7doMDwBX+VNENMpl/naE5OimDB/9SOvNTO2Q3VXkPs8=","pdayz0mo/9tDLEVNGJU+k/gLmiM6hnoCoi9TtdI1BHg=","C++3D3pqwWyGpaKXY2Ey2lQnw+9dn8gvwyGVt62+OaQ=","iNyMNWFyJfRTA5G88qRRNd+juFoDTCNCByfDfy8NkOo=","Xd1KqZ46ivWNyf9Fa8EOpxZyAFtPrf1Jk0j7ZLrNLiE=","MXH5o49Bm4SGWYSff7mO19+tZLWYVRvI/T1ftBKZaa4=","1hOS1Xj7zqJ8XaQbQUKqC4S1N/QxpZ+z8EhF5Dx86kw=","09gCWW5Al98P8zJmvaImymgPz4Wi/8osD6qSW9Vogzg=","0PAxIo3XMQ/O2/uyxdjJvaIGRjyCTN76/c2huVIG1EY=","nH7qfcrpQMTe8jurixYtBD0/vw91ceAvpvVahs/gF0M=","UzLu0PESpv9yo5VpqvIZlfXhGB1bxsQsAGee84CUMSE=","zxfTPOpKSRGuJhOuxR5dlJ9MrNdAZiUW5xdtNF+/ebg=","EZHitXh2BMeWruWXRl3U5EZTQv3m99+7szzbwGk6nM8=","FzM19QljAbdVwuld1av8isVsMj57OFlwVC3+Hekt04A=","VT3cyxCFT4XwmK6OFYUFzMOkUei0SJw3YeXtEYhu40I=","fwU+9OMF1hdE3rvt+5P/8dvzkCpPSyeguY1KRXkinyI=","LqOe9ltP9adIM7oY+LUq1EAUTPRg2YDv1ek+yAWNdPg=","IOFBYpKnaX2gsHWCvkfdSLamp/bY1l7pKZAxdfwoS8I=","wnehhB2NuFr9SX+5M0mU2zzhM+73apQc/s7kT0zM5LM=","z86yUeLXwY9RoG0+IMsNMT3lERG7mjFi/Nb25Fs+zto=","VLX+R+OQ9MMLCvsY7XEUcmahL4jY2BFfax4ROBeyqZQ=","RJ6WOseOA1De14gI1xCr8nhU5oTluaEjEMXBfzhbRgs=","dHEtopJ6cTvst+CD83ks9fHhY/pcN+ia2R34i+CxCm8=","k23iiG/L7l31g3YWt1DgMigE2ED4cQIbbysJZrDB5lw=","9RtnzfkyghZKFoBVagN2iQ5qm9wXfNsynAdo9m2ylEY=","qSfHn9XH+P+qUgVG2tqc7aAaa3PykEU4+JjZNb+NOJA=","9uBGxR1JnTHc3zNdNSW2wVg56gCm6RWfrFgoBip9tSk=","LqbkXptLl4Cgt6086bGdJy5Hqc38q7/5BwFVg9KS5BM=","CC9ioXQlooj1YKXBjw57RQijzqop2R1qej+fbELQelA=","SO6GvKNLNjvA0j8bjTPnpwlJbsZlJYDvNHmYWQkXhIk=","/aVlq64utsB9rHz2WLyo+xM2ecFp1xxbo2CI4HviQOM=","Q6AdCW3an0KqPzAnyy0YlmWj7C+GyHMxHtrOfXh62rQ=","m19AM3n3aQwsm2CG941+5ZBE/VxGwpdejnxkByEaZDY=","m1v9T7+TAx0va2VINX09WCOfroDBKkD5rA37ottiaIE=","ezG1SX3sdi2/iRRA2a9qHUYDfl1VkXAZmrdFzGw0nfc=","geX1vqmDUYqtWnECOz9OOgt2LrChMLIp9qBWfcQZQbo=","kjL3hGZ0B3h4Rb/AOPccTKNI7nsE8R6YgdTF6dvqKos=","fWLJIUQ2I1NC/bfeBecIXYMoO2NfICFbZ4uJasj6ffI=","yQ1W9v1Drb1hV8SLhT/4x42G38gc0SsQwA6nVERaK/4=","u5PcY8rARNcKYhbZfwFmTzf+9AdNPcJ1X20qBNINJCk=","shfI9S1dqnv8MoqabCWTO+xDgM/4CfZOU6QztCnRb2I=","njWotRs4C3IJqPt4QYESBIOkUQrpgesI5jEICc2GbRc=","O+lGYbkDe4hdTM6QOfLFbtbvvGRm+ol/rxfMozzzwL0=","5lGvCEPCMHFtYvRaLdbg+dUFp070TnLkgCl2Pgj6Qh4=","VA+aqgOVXV1E+0kTUzYqb9b+WavZLKfQiV/nMYVQvp0=","93L2+FWBsaWvSAnP2oDrtYk22KzfZfO+tsUYQCyCg/E=","XM9W31oCEsLAk7yDl38VlkWnVsxHP0Yt8xwvbR/TLe8=","ZUi23dO4KCRhM8TP/OV9sH3eaj6W15P/rj/C/lLcPTM=","SfcZAIwvRwDFzgfj4baY1x45I3yYCQBA3I2J55DhXUo=","/Kl0eaFLerJWP74zgrXfed3PWTtmCYMrjdR9muj/zgk=","Sp/h/1aQP5tAh+fjGBykPQE99iIH2emnOAAWJGT3Xvo=","2adNk6nEBimNmyRXgJ3K7Y89PFBQydWIWudXvzpzJhY=","Hb9UkNpbuHvGxpGvrKQ6lICdbYygV2dV46IYRyVkFYg=","2l4mqg8MaFcX1JYZSlLshVMOmEP0YwSG5Buja21XJkY=","+Q84UYyETasvlnXshyZSKoz55lH3ltPdke/F8W+hArM=","Jr6yRiPuOgxlWyMdQGxYnmEty99KkZR94vqU7R7hemM=","H19D6FQTATvKiVehAklJyEdSCx2RH3HwW5vDAKSU0ak=","H6mgNTw9157UCj8F+iTwNxC9tJRhFJQcKBQsdOgCd1A=","+Xw6h+OtPKxlN+qjVv/tyY0uYTkVl3Dk0Pa4/mgeQYQ=","QURBqJqsXZ/8pMBeY/uqtqWm+FPF8xyYlOARJxME3Ng=","B9lf53WTeJG2pio3LoyDXffizetiXHS1Hs8D8AbzvHA=","O6InocVVlnRXiAAfVaLzF2w/hveCLjvUGlR88K1bcIo=","ESA5rVcddTfrFD7U5IwirBqxJRs6r7i4aJ9PxRQF+Ig=","ssqOMcCvL382wscuZ/E0c4i0UFxFWufda6azyRjSWvU=","eZhJqE45tlzEkZW9DHlooREKA+6onSpVQ9MV/yDSAsw=","8Ed7fvtfiHQnMQc9q1JKEdic2sJYXe00z5swhc7EH1U=","IebNEWOfQKHKH/Tk59o/69t+rWpQvJ3/vy+TMfNPTTk=","/jLbBReUpbMOFVowhb6TGicr7ezhePHuAjQr/xd3UcY=","XxrZ7p2ZmBcLRbnF0vnRd/XlbCXmDUN0k31WzWdfwoo=","EPIlYyJyy1ERUV0B4ztPUQFuQGCxF4uFvDIxeCqAF/E=","pM8pUeGqXdoLbeJ05klkaSLn/Gy3iOtZR3sLO6aierw=","9F3maOPsHQTa/1C9f09CW9NPyZBsO1KITvFlDzObza0=","mFMzd8zDNursQrF5Abeg5SpFnziWlYWjBD6GT1HR5Kk=","dAZ8jqW2IRLo84fuxRfSpEVHnouUTwGyA+x9EunKqu0=","+sK6FkgkvgoTOtPJq0e1QWg5JLTlaSQMmv4ypixsHMA=","R6n5w44YlpOmDSprAZgJLLAe/oxrxfPuGXlzOOQOsiU=","BFt2k4dkledi+3jfRZNDODV/kK8Ato3zzHKU9Ul65Yw=","Qn8NZeLVmHKBMFBzUlYoXOPbY4cJmkq/l4Me04WqIIk=","4Fej055EPi4Z5WiK8ANZJcmUxMsCZBR4icpR+ed68sE=","iMryvn2hcex1Re4BVLMZ9k5FlEFc/MuWmz4P5zBxz20=","VWzcASzpaiNC9lnS/yaJ07r5V2Ynu14huwzA8ztqBHU=","OW4tlJL07bAXrAIUTfoAef+7sKUP+mIrP/gD1vYzJxs=","jGULkcVNhHttnyDu2UlX8L4IZvQL+9oRLtS4DYO+SGo="],"block_size":4096,"path":"build/react_devtools_backend.js.map"},{"block_hashes":["zbXhaab5FbIGb5MLS3NVbtEM0r4MuolormnY5GG31Qw=","MPpZIiVMLHY0wXQ0jFfsGuRCrVz1aItrcqbJiT/P1+Q=","TwjBbL/O3H4yKpB1TFU5a55NfHY1HoHk4cDMoRDng34=","9K9iYl3RnJDN8g/yIuQo463tSAIAy2Yg7halDAxudBg=","t7M19y/z+RyyYPyvCQ+LS/7lfaHqRkGoPyiEP04WpXI=","1F39jy1tGqwRaBXQPlPx4LiQS4g5Mml5TgvKmlPdmdk=","FoYCZC/EJRFyAb6AlL+cKhOWRZWB3FHehQYjEPswmbc=","C67TQORY28Xc1KR75hpsRzci0cco8QNwXtuiP5mNUyM=","YRqSrmSPsuzkH7ZJE/UT/qzTm/MmiLzT4o9AY2dZHTw=","QllVOPKGNnV1i9ri7MafV+Z6LpWbnFWT9YNpEt3TJuU=","vqJNtu0WYWAJByZ1h+QhBcqbQwSjmb46SmzAc00q2dY=","UxCi/3kAK5M1d51ONwPqU1tyid4adgjQAEcSHZ6uRBY=","gs1tQ8c7bNpAstS4DW4xCp6QizGSKHhPOqfd6SB8Xdw=","EEfK63o29rZc+QxUwawKkrYJ3hJtRNpen8Nhe88nmro=","IQrz3RI/X4SLzGZP290wddu0FUGexBYoqaMqbz0U9Zw=","MYFls7XaXMg/stJxsJ3N3vjksQMjzQda3+GgsaWEoMA=","xkwoqVwj4pxCuj601yVNJi7eYMzjbeHrvo1Uvqekl7g=","WPqAsQHrLBHYlrCVvylzoKOZllC/x6Rpl4FiRHhKdno=","GMfodQkX58XRinpOQ+vs9fxP4pT1onzTanA6D0nMqAk=","vdS9nfhssBtZ/uAxv77F4jCItskZk8kFlQsrF+upA44=","QWW27FCwmLLkKAbVrf+CwieIIgCwMVq071d9fJNaxJc=","5wgJpM2HJRdEvEJIRB2nGB4+i9iwN1cT0ngJBApl4xg=","s3w7w0eBOoLH84C23n9B04JUH1mlki+PH/n/bZJKdOs=","+7iV4675UXk5yO+AW7H0MNw44qP163qMiBQW0Wb++aI=","+IJc1InFPSJG9A24p4cEFVi03ch7Un1uoZoPRG1QARg=","UyS37tJEpv9FczSIlOvgPEOnpCsLGfJ8UG3dq+HXhSw=","trUD07XpRZKrzHNDwLyVEICD3/4auc1FDWTM2CaKySQ=","9KckDT0JWnocsM20HeIKBGvi7l+dO+bThFJf5KlU2J0=","7DSptd0I1AITLMiAhkmqngg3NCVXpqbsO9oQOed/6AI=","RliplIpyowggNGtm1+d6+ZDGOeBYJ6K9BzYq3IPpW0A=","+TcYDTkvneLQNFZkFidft1sFMrha9Qx2ecHkuwBQAGE=","BBIl3nrGrfv3VOullsUQR+71/TkbL37iThd6BMaRyKw=","i27kpLP1HkG5Hdfh19qZrAkf05q9T+uE5ZRDOCxOWjI=","SycmMgU8ufMBvoMfkLtmQzJ1DMl8NkEZRgRLAYV3N3o=","/sPITod2AvbrWzOY+ovQbK54DvYHtHPtWmhys+Wl7cg=","VexwYII88lg2meuann13z8JaSy1bANF6HNd852og494=","l4HJV23vXt4q8OU1x9rJ7L87OtmEFkwvlqtoHcNzaPA=","DvSERBOd0//ZCUfK0yyZ3D8PagRebeqmLgDNkQmfNJI=","wzjTa66ka3PVLNPw2lhD8rNkfHjmegtGmjzTafqw/y4=","u25DB9MCUkae4RTitudLcHNnr6/WUisODRmQvZ/x+PU=","qLoadjvTCBIrO02Sfzu2C2UuSXxaoG/gZkgEgYCiG38=","aC2yPMQOYeFtE5JLrNyaVfnPN4FTsV2GiGfSYtaG24w=","XDRJ/Q5g7bCuurSTrsVWF2LsQUgFjYdRGGwUp49i6hk=","B2/s/ILtUSjWTNRtWfBYZ7RdqY+CbwDBdg8ymJ08xeU=","P5yGpf09OeAHIquMIzaciAesJogR9Wnazabw/rxCHcg=","FxFa1z/BvXI2ws4Rcw9dyKTJMIMeCPVLcRu+UvBwNSg=","dx+eR0uM7UOWO6//46mexx2owjMy1UKX0aiKTRFoXFA=","FnowjXIGQdDDBqm7SzPi8NxWZo3j9nlrQ4E0g6Zv/rQ=","yEQKfxU7lfDKFgZLT6VHc6mEBvmQ/ISyifKLmVBCNLk=","UJFBYJK1eV4sYvfShL4Yv6SqOQTKmTNKcBBDuJMT+Wg=","umbI0oGyDzbXE+dqZXfIweiD3b3t03yUXtRUQYSOR6I=","1c8h/HGIo/y+qirumQGlqwnacM4JWDQ1PX2dCg9rgeI=","va0iad6UDGK0pi08JqTMevQinSaAXn6mhSvvQZgQWnQ=","msLyWL/XE4QOF48xUcPRwk0zeBrcKIRnh8NlolbrwzQ=","LJguuM7FAsG8/S/fEodF4dj4yQUI+FMXo0O9Z58KYNs=","cVYYn5sFWovKRg5z8/pTDz4VpD3kaU5lWj1z0i28w7o=","2tFyQN10Kx+cOO69o4zn0fqBhLJ+tv8dNUVDR2640/8=","xN7OS5rrj+wgp5yj7hrdAVSf0yVR0V327Dv/T+nkJ1Y=","IY30JYTfAE3NjYSk3zTtU2qbEhET+jStls3havUdKZc=","wJQXdHIAKHgZIE7EPsG7pXgZuKzjzUaVLg3KM2qpOSo=","UZImrLQKCSb765BJYhQEqIgnsjD2lAxmzrerc6fZq3U=","y47TvhBvn/x+/BbPBMBeACzFq8l/s/uKsSNq96lGVzI=","Yh5xuGvIQFMNuPYUFI8paCh+GlFTh9g7WRC2KA+tblo=","E6FeK1DzLSh+P7dKzXUYVICCItQBRuYWzJy/MmcREik=","KJVv5Q9NryPWU0fbqFFCCkombPsnU7AcuqVdSzVLC2w=","a7WsWuSCx45vtNbIOOFN0CCeysj+hsA5X0S+Z1U7quY=","iC5woNHKGrTKV7NLaE/BFeoR6vaP8pNEU4byXYT7wlM=","YIyM+bCv6KRx5r42L165DGKq2+qNRC+XPRHq0cHoPlU=","DOFFpwoUY92YIw2uxE1M2NxPVe/1JcB8aoxuTMN5Lp0=","wNu13KlycpHx1KhcJUyIh8gyH9hysfVRDmBdePUhx0E=","YqM2UQNzGe6RsSWVkDLU9aRNizQ56XWDoNd0fCXrCe4=","rSuCF6oq6S/4crZKotVOC9o0JujjQhJHial2iTcy8rw=","jcVDk+m4PVRm7x/5ZUjjiKbIZHj3c/DNORX8a40uC/o=","BDoVhGMpqbSxfWTjiVsefNVjl3ApcJ1LyOv0OT9GA3E=","+MEvafaAif5WK48UGJwrcf3smbpJRGDE0Rp/HzbILDM=","6a0Y1K0Y2YjOnlTeQtyryohKG8H/MLVtqKxfLUsYk8g=","6Cy6Br4yMfvMhviwvvLXzDUtYZ2kR6rMKVRxKELUPRY=","ZKomrDCaIajSq0Q9rzppPOSEikE+k5Q9NhDEMPYaIP0=","OZRe8AKATo2jedOyI4/IhflSj0olj3aP6YYj7VCTuzk="],"block_size":4096,"path":"build/renderer.js"},{"block_hashes":["PLhXp8qMCaTQy4petl189C/yKLVY7ujR7LYNIn5+3vQ=","JExCOOQFUZbtLxoV0Aue/IRot3rRSAwqZ5iM1F8Fr7M=","VT0AdIan6+9SqkRTV5GTpR1J7t5y8bNAoYGS5QrMehk=","P4f/dX/zldnGSVXAgtqnrmkvmNmRYeX5JA9iaK/dFBg=","GkUmKDUHL2Su5iImbKnxd1ezpcI2VG54ppSnnbgR1Hk=","wDop2CfZQpzJvPoiD+GFiszJg0PeSGqUhtIY600q2OI=","y9CuR9J66iI+V/0Fi+u0QUlh8UogwL1PQsZlNHBm68Q=","s1eIzNIsE+JSPI/4ZOQ5emFILkSeoccaUNuqyIkhLlw=","A26ZacG0E8vpMO8BK93ATC4kilTvWtgPGb/yeLF4GsI=","LC+KPMot7fJTGvcLQVEiYzQPj4+qRslR7FFZ7AmIn48=","b520degxOxh5nPg026YodFscWyXv5HDV8FTvPu+WkbM=","26DuYJHQG0WSVM1gtbqZppkClTJ+saRqRT7VkxnRu6w=","Z+ANXfdqjSpHp3fh6pP9AoVRc65BIyJY0S7BtEDt1xY=","UPM0GAl76nyIQLT9szj574qainm/jMl/x70CwxhCp4w=","//lmjrl65OBBF+gLRnpzCB2tyTw+Zv/PobOWkxh4elQ=","6P46r2TNe9NgPCnKl/lcdZKhs08H38e9RrcyseIphG4=","lTXHM0lziKjVen7lk//x2W5OLbxmNywBrIndyoEh5cg=","c3hJUNS8x6Mxw3qMtJneG59ojDp85SY1etb5g56qnHw=","m/DXx2zlQyoBJTCNgwkSdgYLPAeyZBsmNLhNWdhoYLM=","c+3rTw2mUTNc6OnqqTKIATApKy+ou9h+neUrZ0RlkEQ=","XTq4hvqfWkrmNRdTpvEnOfUl7eo/tEf0O39VikzsnBs=","TN1NbEPzR3hVWBbD2vhAD/8OESdjTX4dNNSmICYXFpA=","tEYEMUOOxssW9wn0LNnMtEAudAYC86HqJnld5iG1HXY=","OAOfiGJaal6/TljgV7CyMwHa88ZNZ5c00BOg8h1CiR0=","mQ7Q2SRhePBK7XXOkOAKAg0U8fuZDXrkFeeVo9UIRHA=","QJesBA3bXmI86d8es1+yGbacSmrnbXG3aIX2kC7cnxU=","ADOyjhhdFBc08aO09551c8M0SfBf51LNr/U30M4eoKQ=","z23lmqvwmYUbWvT828HYfWDUfqacXSGGTQa8QybZJgA=","aDjQnn2+kqircinXscOdzeUzNa+jdY5k4Hb/LD3sBPE=","QolhUhKFmMzVclBOicCcu8Q6bdeaMrgeFOTFU8WefGI=","Pf6Shj73DDtX7iJLbqd1Swvx2vPQMKHEdAJV6bnrXFA=","MrC3fRVm9Z4IW8MPZdAXMLXYseK9wcJHQN2HGIKnb8E=","psF1F+2gad09J67mdAZg/2/ypBWGXYikgrqn4HW6Zo8=","EpHS8wEBiADbj+gC2/x2H2eX8HfnRiUGNK6tqxhPqUU=","knTFoivndM94w2ymHdgTG4ItNroRWxi7PLq/IulKDwo=","PTEXfPFjp/auq9FOm0Pns4c0o9Ov7z/MqiejQN88GBs=","mY8DyoE6vthGALDz/hBv5xjbATEPNmFyOh2BEHXJCME=","O5oNpDgYLBeP2AyvRrE0J5hQFretXTLYjUdddBKo2yo=","U8CdkvQi8WucS50fEbDZsBEeBk3MOfKmGHwPbGiRAoQ=","BSrqiLJ+fWm9riIU19+9zU0MHZuWBgjvr0Ikfeirvg4=","j9JbpVVtjV9XHCh7KxB4tDZ2KLizjs7W09Mntg/KCLA=","/ji1vZwwJ2yoXsDbgPfI5M7rKe4sRAAZfB2RR3pKGxY=","K7Aa4doRIWk23sPEl1cMHMEXYBGX018p+w5DyYg6KfU=","ygNWusC7hpSmz5jEFfI6dgHuChvFH5qaKg+P8lXZlRs=","xhaq3UL5yGsl3yhH1V2JWCQU2rfZEB4Kjg9MYejglQI=","Hl362H9jIcVy6yFobGTo8f8dAM9GvyA7c59bW9WnEEE=","J5O0uU/z7Edur1QyqVR3LOkVVE0QNulRIgmrcDFuJKo=","h6aIKlf8gE+AiijxxhQ4tlI/3qXZ51PMFrf7WP/im4c=","hGVORLToXz829VuETcj/8fWtSbBWU3iwpWD1sJ/qXys=","YHTQarPigFmJ693WDGcvX+Z50+bGkPt9tis8uUPVc8I=","kyd/hDaBUMFxIuekg7NuBbYTp9tYZP9OIzMYEZUuQQc=","RiatWerk6Kgtph2Zg+pdeCmPqp4oL91nRV3ZcUJej2c=","0tl12WjC3fCjYGw5SzlXfCRnzJ2EtcVb/MroOUvcuAk=","F8zn7p62ZAIig94IEsBbBO2zAG/38SK9g6oSFVaRu44=","FZJFsyA70Wbm0jF5sfNhKef3ucHVUZqPY3EgPCPauc8=","KGkvZZNLxAfCdRlx/P5QpHHyi8+7R8d/aqMB5ZH+DyI=","IOPVvhAo31/CCfFJHsrXI7i7nG9j5YooVrdOWzb8ZTM=","8I74l5X6DE0Y+rAMJngALOcAjV7nrDdJ02xVUMDx0h8=","4tadZeK6BU/JEK9cEN4a9MCejRJ/jfDKknZrI1myg3w=","upqprCORNo9zNNe6StKNyHXKjrb+aGpDdi77zAk7BM8=","V/05xHnOJRtvG1ILFt94iufW36zEafGj8+Tv941akvw=","OI5bmjv5v0TQlTGAuIgGZyPCgZ3fn4Lg86mR29DZBtk=","X3ndSKkUWQS/UZJD7d0wexslVnmYajZZDGYNtHi/JaM=","cBpQX7eI//Y+wMqLj32DWB9aTcXbPWGQ3Ee4tPWhT3o=","JaZQNUE/b6Ilh21/NhQH1CRiOXS2kyAOcIGC4Qj5Z08=","My74RxOltFK5B8DU8pcUu+wsfmVRCmrjJxiRF09xMkw=","Dpr33tCTR0JKtK1HoI8Lp6nSx15i0ILoPiC6OXUf3aA=","jAM0Zlq1czr/7iND8yDh7ONaqiLrf0mZgmGhcIlmxRo=","7DqppJmfWb+QyRluAQjS4oFMmqt+LaYFQypA5QFU3jk=","lvanqdfWO+9k2lVufXMI23tCwl6AovWnyhieRLds2yM=","p33uEZ9/6d68lOpJ2DDo+Q4DhvKogI5RQLsnwGMOY30=","7tgQbkz842ec1KaVdgLOHhV4ilhfZgVwHNtaMLi14iE=","hCTMQfICvsVRtGptGQD3k8bHM5fwEJiCl6aHXC8H5sk=","i2XBu40sPCGKvehdRYHoHoWBtaWfHrK007+7UV9gbwE=","M63a1HOK2dq3xUkeZiJ+3QwcEO6NQqHNMELV/9eZgO4=","u0K3cK/afhuzDM/bcfXlbpU0hcAwYy2/kzo63yhrRdw=","S/JiIK6icN9PoJ1TB/e/2dMai0a3A27anbqWHL1NVQ8=","mgmPkuDxY29lT+uWClgAzBHeakGlabCREqj/pMvYvY0=","nMXjrw+J/hkt5vWuODjM93u9oHLSnAH0eULJG23j5gU=","oyE7i8RKHORpN3f/wNaMn/WLZ8EtJcdl8c3e6mQvS0o=","RKsBPnZP8+yFp7r/yxMA3X5shDienhfGHe0tPhj9vbM=","3bHqpvXvm6Vb1/mZTZT96gsg1oMNHhQ+bbneJucxiw8=","4wYCoV/BCmve/XggnFTh4/VYuBaJH7Y4xF+E+/i6AQE=","9NGWu59wPMwo8drqL6iaydtlyQOnpO5JjVTTw2MnjPc=","xzuRCUD5NzchbUOJk0a27GxXnLuIBH/Ajh/cZzkNKTI=","RaxhqaqyMiJ/51BTd1fjN3kwMjtRGagXZLNkXxwKGs8=","l1SDGruwY654vP57qSpt5TJGD3JktC0TIT6ahxVJAmQ=","kzF9fIQ5KUPbJCR1sxxoGW33a5W72RFa3ukVQcT2rZQ=","ztNR5QInjQzWMqgE77Of71QLYhZH6HpP/H7+4iJ0M9I=","mknf3omYZhibc1Qv8UUEisIEETelB5fYh+GDwL3nXOQ=","YUST3CBRcJ3rv3DTPJvkHcTV1xratuc8jI5d0j+eyxo=","idBFLNzZcGTNTz/ZXv/rWJR9xzmZolpDwWAb6haOGs0=","vBqflb7WzqoXEusZ0ZdpoIzrLX6Z3kP0nwJPzKTmWOg=","9sAAMzNsCyXXtMHOCOozp+CY0YGuBat6E+KjSDpFU/A=","/ApsbtBpHYdZiGVfnj3CivyddH8uaxavsms369EUOeM=","YAytQlVOjYo1HCUo1bzYDwSlcuO6dzHsg0IhCl8efwI=","FVQ8Y5XvGvyoW9EVOvhkVstwStEM3jZLQMfufPYqP88=","q7nFwRIG3DqEB/7uddcZug0IgYuPzSGyF/Wvkx5Kh4E=","H0yGTVrpICFjFa2RqZVk7Idf859uONZ/BlyZjYkY4JE=","UeZM3EGnmyfWZjiwsUn9h+7425kG8eBVAinjLyWB3sg=","YyTPNOH3S0vx53922ApichdvZxO+fVowRHkx9ImE1aM=","jBvgWDAhj4A9cuS1xjcKlXJWu/UKaQ2P1fKupRM4JYw=","kp3ML/Oh6FclcqEtcqlQ6u9XxkHAwUEOD2Uz6Wg2kEQ=","ep+XJjMm9buD+I6leXn2Iu/GeSoA1gAvdlFjeuZPoYs=","97YcufxZokdwWG9W4+9yypqTjUVEQ2iny/biQNpYxco=","NztJSa2MPYJzEcoQsmHnYlUGDgtNSVMq9gr7Kj6PJGI=","3Y2xaY+sh6IsQNv6gb5jc3LjUIYN9H8gdpuVi7bntJs=","N6TWpNtw/w8FhG6tB4+Mve3a64f9/xYlWSIvNknvL9E=","qR+7Ov41y8nON5uWGmhd6yQinWGlUJCthYRuFFL99Wc=","t/s2gneKSdfF1roL9XqxB8wkeBiVndabnNuIuX7idak=","IyvdobXAGsxT51LIP8cu0C4NhU9xSrMgekCkvkbRZdQ=","bI+Ki1z8fcqUNhb74EWEFlsIBdmhS182HaZFo9Or2tQ=","f1W9ituOwvCJyNCCXdZ8ekAHPMAWQIYlKpyJKc0E5qQ=","6Xn1ByrhwG3czhgjkxgT4SDmKSMuPR/xVDVjIqcGf7k=","fFGAYkIhVg5IFm5XWT7MnXbX9wirJnod1Eb3sSl2IME=","cCJuOcxna0w0gntcJ1+2yaRv3Fhp/519sLb9vsE7FnI=","mGciLjUtNWKaq/euIUw8Tg7EVOwgu6B9M6Q9beYd3Lo=","H5d3yIyd0grIQ0VwcLBccNSkDK2YEUsIx8TfQnvZuZg=","rg7zi1pfe0K5vZe/9XUiqWEpQ00Sz8Jbs/Fv35Zq0vk=","EC7Qy1vhSfaScZVMc/TwNKf6qm+Z4QLK2XRehb8DCUg=","ea7anhoD0v4uqtN1uZHtg2yKCHMutDQkihwNxPiYkj8=","+WffjdU6p89Y374OnFm+lzVGHC15v1aWUFW90Aq6ams=","yV/34WCGND51VpOOusH49luY0qe3bY6Hr0/Y32R3zNw=","9CeTloNkUyMk1R6+/DsUc+R4JAPFsvBmQ/HUgDpMSA0=","6AVF6L1mIDHmDJY8sVY741sQrsK3+16eDGIkrSwZ+3w=","GoYxhHLvF1fdDHYDh/ENZVW6klhrdh4NDfgfi/2j7Xc=","IQOF0CZWhyaAPPQG9YY9HAbAKw2K8FMGSKBdkOV6vO0=","ELR4bpwODLZdstGT5UhdwMGO3+T80iFpYd2y1OX7cKI=","u5f7Vf25V55oqHKhHINcjSI7md1dJpQCihRV5evdlVo=","fZ2o1XOBg5QY5fGIgcSZZ92aKa64DYLNktQ6YD1XQ5I=","/AwIHerYiBx3p5oZjotcyeFUkouw5YzBGPYoWgj+lmo=","I57enrOIc8USymPs39lBzoMHFJvpuIjJl4r7dPsIU4U=","yl1G3lJo3eGUfsLcYpvE5PF6/RxBCxzhfrnGM4HycNo=","pTvoPsnq7fjL+bJXsFTrHNpLtoK8Qp34RcCwvim3wQg=","/Mf+Oz7JIbaERGP7lvYavTWdeGlzTFqcelmq/yquBdA=","MNB1XU4Ym98tbS7+O2OYd1UExMw/nOcTg9R+HXUb5eU=","ubOI/Kar7Im/mCCUz3s0xdIxyNHAehf7B9z9VOQZNAc=","f9IGfGDqSPO3yUq8Lr4W9cQKNKRIJPOAk8fgbY99Tl8=","FJ8tFfJMTtvCG2CY1lPOWuOKoiWyzWqZC+uoBO0bAJc=","GSL6f0w8bfiorz0MbDWkMT03wvKBy8Quf6Q4a26tY/k=","uns0qTlb9BMVRbvbO/xawoxbzeorph4xF9xFXOmnHa8=","aeW6NJJwLCuTXyJE51Uski3pkcl/8owhLRbY2qllHyY=","jjY/dNg44EdWpVqItGjisaZgAc0wP9PAOluMfG1WOAY=","LfyBjFjhLjaVOuyVowo+dzu2peMJk/tgivnAhhzRtbU="],"block_size":4096,"path":"build/renderer.js.map"},{"block_hashes":["0WTveHSmUeTH421fRTviI8iDjkFwqvSP/ZrygTnn9Jw=","jluXLKeIDib585A6U3L9OuR6achfXG7jkQKTaWss4Lg="],"block_size":4096,"path":"icons/128-deadcode.png"},{"block_hashes":["0WTveHSmUeTH421fRTviI8iDjkFwqvSP/ZrygTnn9Jw=","jluXLKeIDib585A6U3L9OuR6achfXG7jkQKTaWss4Lg="],"block_size":4096,"path":"icons/128-development.png"},{"block_hashes":["o48eP1/U+UzYPhyduXRBFq4ENdhDJXgIayXQZKhEQE4=","PCo9+9BpXREZrg2b1B35OB0d31pPebAj8u+mKC/kDvg="],"block_size":4096,"path":"icons/128-outdated.png"},{"block_hashes":["HycZclFWHgRMBBQSxIRM4VkEl+/ZR+c3t2JXSz/jgWA=","qWOUsl1wUkTPf8hPsp4Gn339Pr6yR2HmEMnwCy/Vu2s="],"block_size":4096,"path":"icons/128-restricted.png"},{"block_hashes":["0WTveHSmUeTH421fRTviI8iDjkFwqvSP/ZrygTnn9Jw=","jluXLKeIDib585A6U3L9OuR6achfXG7jkQKTaWss4Lg="],"block_size":4096,"path":"icons/128-unminified.png"},{"block_hashes":["/bxiVxniBpe1DnBH1tk4CjXdajwxkP3hRnpHd5DALEI="],"block_size":4096,"path":"icons/16-deadcode.png"},{"block_hashes":["/bxiVxniBpe1DnBH1tk4CjXdajwxkP3hRnpHd5DALEI="],"block_size":4096,"path":"icons/16-development.png"},{"block_hashes":["/EWeZHyZk064lP2X/cY2GpquGBHjzCqNy3Vtsv1/5aE="],"block_size":4096,"path":"icons/16-outdated.png"},{"block_hashes":["vAfPUn1wu+mMLrQRNSk3jRUCuWfYedHPqJGZtEAQWPY="],"block_size":4096,"path":"icons/16-restricted.png"},{"block_hashes":["/bxiVxniBpe1DnBH1tk4CjXdajwxkP3hRnpHd5DALEI="],"block_size":4096,"path":"icons/16-unminified.png"},{"block_hashes":["99Z6YdK/lL9iQYyMUHIpOVRSWJ6nYAD62lxRCk0/dSI="],"block_size":4096,"path":"icons/32-deadcode.png"},{"block_hashes":["99Z6YdK/lL9iQYyMUHIpOVRSWJ6nYAD62lxRCk0/dSI="],"block_size":4096,"path":"icons/32-development.png"},{"block_hashes":["BVKH+nq22PyP7Kf/eAqXx7U3S9g32F+p+lqUQ56pFl0="],"block_size":4096,"path":"icons/32-outdated.png"},{"block_hashes":["S3wOnLxPswMwPj+Atn5Au7+bNISDKVmkeR/aT3eJsWU="],"block_size":4096,"path":"icons/32-restricted.png"},{"block_hashes":["99Z6YdK/lL9iQYyMUHIpOVRSWJ6nYAD62lxRCk0/dSI="],"block_size":4096,"path":"icons/32-unminified.png"},{"block_hashes":["gGrqVraNIx7bz3IZm3t1BqopXHTTAOmwFSxzqtXhfB8="],"block_size":4096,"path":"icons/48-deadcode.png"},{"block_hashes":["gGrqVraNIx7bz3IZm3t1BqopXHTTAOmwFSxzqtXhfB8="],"block_size":4096,"path":"icons/48-development.png"},{"block_hashes":["xtV8STAVn6W52Yp9h2qtwGrGrW9x+71GE4QFg26zFoo="],"block_size":4096,"path":"icons/48-outdated.png"},{"block_hashes":["vW2FA5yVG8CDkMr0QzElKY/BlSulTFpybJCviH8ZeSM="],"block_size":4096,"path":"icons/48-restricted.png"},{"block_hashes":["gGrqVraNIx7bz3IZm3t1BqopXHTTAOmwFSxzqtXhfB8="],"block_size":4096,"path":"icons/48-unminified.png"},{"block_hashes":["rMZnMyVDzUkQl7KB/TW9Sb9DV2jUyyq49Xl0AHJ1YxM="],"block_size":4096,"path":"icons/deadcode.svg"},{"block_hashes":["rMZnMyVDzUkQl7KB/TW9Sb9DV2jUyyq49Xl0AHJ1YxM="],"block_size":4096,"path":"icons/development.svg"},{"block_hashes":["J5MQwt/ocfP2qHXvPVz7iSLTf67rnBJ+wxKu6+HFHNM="],"block_size":4096,"path":"icons/disabled.svg"},{"block_hashes":["193k33vjSLNB1NgMqH4i+R76axGyy+UmUTSIbhZvSJI="],"block_size":4096,"path":"icons/outdated.svg"},{"block_hashes":["EPxpqHAOHG9pQKG1rXzTIfcvq/jMF1SLQGx5oTdbaP8="],"block_size":4096,"path":"icons/production.svg"},{"block_hashes":["J5MQwt/ocfP2qHXvPVz7iSLTf67rnBJ+wxKu6+HFHNM="],"block_size":4096,"path":"icons/restricted.svg"},{"block_hashes":["s79DjXDmvx7mgrHVMrjhwrg4Y7IF2wbnQLDruCKhTYM="],"block_size":4096,"path":"main.html"},{"block_hashes":["IBOJOrDxkA2AFuIHOB2A2e+8h1EhWVG5FOUWpK3TIH4="],"block_size":4096,"path":"panel.html"},{"block_hashes":["aRZLv2a5+t3+dP3SN+oWRQIJpIoOj7+ObR5tajF/YZ0="],"block_size":4096,"path":"popups/deadcode.html"},{"block_hashes":["dlZ5ajWAp8HCj6VXlOpkAhlHyFrrhXVyDZjTwJkikDE="],"block_size":4096,"path":"popups/development.html"},{"block_hashes":["8cgmRx2dj1S7Q98bl4z4ItY72RurimnjYxJ/vgsuFoY="],"block_size":4096,"path":"popups/disabled.html"},{"block_hashes":["ZXrhBSzGALVF2Up4BNGiwQ1jNpzkXfIM88SDVzZqwHc="],"block_size":4096,"path":"popups/outdated.html"},{"block_hashes":["QFaMamssrmNNY0Wfk5Y8Oh61CPlvKite7EVkObOkpVI="],"block_size":4096,"path":"popups/production.html"},{"block_hashes":["9vPVPwXoVyO2hby5xPbdXsAlIJZEP4VRXdflo6CNyT4="],"block_size":4096,"path":"popups/restricted.html"},{"block_hashes":["UJqdSNbQYD93QofNoVlCjzWp0e132Z1xzJNMhPiUsmA="],"block_size":4096,"path":"popups/shared.css"},{"block_hashes":["mxGcENiK4eUTpvG1eSga/3jMHSSHu6/eq+zVePTdikc="],"block_size":4096,"path":"popups/shared.js"},{"block_hashes":["U81VVO+hypIRp4QRTMMsqIvTNj4yuYy7UtsaKY/Hi1s="],"block_size":4096,"path":"popups/unminified.html"}],"version":2}